City_ID,City,Country,Date,Lat,Lng,Max Temp,Humidity,Wind Speed
0,Saskylakh,RU,2023-03-30 18:56:30,71.9167,114.0833,-26.82,100,5.01
1,Baruun-Urt,MN,2023-03-30 18:58:38,46.6806,113.2792,42.44,26,8.1
2,Busselton,AU,2023-03-30 18:55:41,-33.65,115.3333,63.21,74,15.43
3,Balsas,BR,2023-03-30 18:58:38,-7.5325,-46.0356,85.44,62,5.61
4,Ushuaia,AR,2023-03-30 19:00:25,-54.8,-68.3,46.06,53,10.36
5,East London,ZA,2023-03-30 19:00:33,-33.0153,27.9116,61.74,77,6.91
6,Qaanaaq,GL,2023-03-30 19:00:35,77.484,-69.3632,-7.55,72,4.34
7,Cape Town,ZA,2023-03-30 18:59:13,-33.9258,18.4232,64.11,74,17.27
8,Ambilobe,MG,2023-03-30 18:58:39,-13.2,49.05,75.72,93,1.79
9,Huntsville,US,2023-03-30 18:54:17,34.7304,-86.5861,73.2,25,9.22
10,Altay,CN,2023-03-30 18:58:40,47.8667,88.1167,34.39,95,5.55
11,Punta Arenas,CL,2023-03-30 19:00:37,-53.15,-70.9167,48.31,49,25.32
12,Atuona,PF,2023-03-30 18:51:33,-9.8,-139.0333,80.46,75,15.46
13,Sidney,AU,2023-03-30 18:57:14,-33.8679,151.2073,60.64,65,13.8
14,Padang,ID,2023-03-30 18:58:41,-0.9492,100.3543,71.65,81,2.77
15,Rikitea,PF,2023-03-30 19:00:43,-23.1203,-134.9692,78.93,71,2.01
16,Mahebourg,MU,2023-03-30 18:58:41,-20.4081,57.7,80.89,89,11.5
17,Houma,US,2023-03-30 18:58:27,29.5958,-90.7195,78.01,59,12.66
18,Bud,US,2023-03-30 18:58:41,39.447,-86.1758,60.4,46,10.11
19,Tuktoyaktuk,CA,2023-03-30 18:56:38,69.4541,-133.0374,-4.0,77,16.11
20,Fortuna,US,2023-03-30 18:58:42,40.5982,-124.1573,51.98,73,4.0
21,Severo-Kurilsk,RU,2023-03-30 18:51:28,50.6789,156.125,30.33,73,4.76
22,Playa Vicente,MX,2023-03-30 18:58:45,17.8333,-95.8167,93.13,37,4.16
23,Bethanien,NA,2023-03-30 18:58:45,-26.502,17.1583,71.28,20,10.78
24,Lagoa,PT,2023-03-30 19:00:49,39.05,-27.9833,58.51,83,14.05
25,Taoudenni,ML,2023-03-30 18:58:46,22.6783,-3.9836,86.58,6,12.19
26,Mar Del Plata,AR,2023-03-30 18:52:39,-38.0023,-57.5575,69.84,67,14.97
27,Makasar,ID,2023-03-30 18:58:46,-5.14,119.4221,75.25,100,2.3
28,Chokurdakh,RU,2023-03-30 18:53:49,70.6333,147.9167,-16.65,100,4.09
29,Chuy,UY,2023-03-30 19:00:50,-33.6971,-53.4616,68.04,91,9.53
30,Guerrero Negro,MX,2023-03-30 18:52:41,27.9769,-114.0611,62.08,49,16.73
31,Hilo,US,2023-03-30 18:49:19,19.7297,-155.09,74.62,95,8.05
32,Ihosy,MG,2023-03-30 18:58:48,-22.4,46.1167,68.02,93,2.04
33,Kaeo,NZ,2023-03-30 18:58:48,-35.1,173.7833,50.97,81,2.46
34,Saldanha,ZA,2023-03-30 18:52:37,-33.0117,17.9442,62.65,82,21.23
35,Avera,US,2023-03-30 18:51:28,33.194,-82.5271,72.55,32,4.94
36,Carnarvon,AU,2023-03-30 18:52:36,-24.8667,113.6333,74.19,73,10.98
37,Kalmunai,LK,2023-03-30 18:58:49,7.4167,81.8167,77.52,82,5.1
38,Namatanai,PG,2023-03-30 18:56:39,-3.6667,152.4333,76.32,87,5.48
39,Kaitangata,NZ,2023-03-30 18:53:50,-46.2817,169.8464,48.88,93,3.18
40,Saint-Pierre,RE,2023-03-30 18:58:49,-21.3393,55.4781,78.48,83,8.05
41,Dukat,RU,2023-03-30 18:51:26,62.55,155.55,14.4,79,10.22
42,Victoria,HK,2023-03-30 18:55:29,22.2855,114.1577,71.65,90,8.99
43,Bredasdorp,ZA,2023-03-30 19:00:52,-34.5322,20.0403,60.4,79,1.97
44,Murchison,NZ,2023-03-30 18:58:50,-41.8,172.3333,43.25,97,1.19
45,Kenitra,MA,2023-03-30 18:58:50,34.261,-6.5802,68.76,70,7.96
46,Tiksi,RU,2023-03-30 18:56:42,71.6872,128.8694,-22.41,100,6.06
47,Kholmsk,RU,2023-03-30 19:00:53,47.0511,142.0569,37.26,98,2.75
48,Gresham,US,2023-03-30 18:56:52,45.4982,-122.4315,50.85,77,8.05
49,San Patricio,US,2023-03-30 18:57:41,28.017,-97.5169,80.47,69,20.62
50,Bluff,NZ,2023-03-30 18:52:43,-46.6,168.3333,47.44,91,10.33
51,Westport,US,2023-03-30 18:56:23,41.1415,-73.3579,46.27,27,12.66
52,Mamontovo,RU,2023-03-30 19:00:54,52.7055,81.6244,16.21,93,5.12
53,Torbay,CA,2023-03-30 18:56:36,47.6666,-52.7314,38.39,59,5.75
54,Iqaluit,CA,2023-03-30 18:53:53,63.7506,-68.5145,2.93,77,0.0
55,Puerto Ayora,EC,2023-03-30 18:52:35,-0.7393,-90.3518,84.16,96,4.0
56,Juba,SS,2023-03-30 19:00:54,4.8517,31.5825,81.1,57,4.54
57,Hermanus,ZA,2023-03-30 19:00:55,-34.4187,19.2345,55.8,88,5.35
58,Vaini,TO,2023-03-30 19:00:55,-21.2,-175.2,73.56,94,5.75
59,Vostok,RU,2023-03-30 18:58:10,46.4856,135.8833,24.03,81,4.09
60,Kapaa,US,2023-03-30 18:58:31,22.0752,-159.319,79.12,87,13.8
61,Turukhansk,RU,2023-03-30 18:57:40,65.8167,87.9833,-14.93,97,8.68
62,Mataura,NZ,2023-03-30 18:51:30,-46.1927,168.8643,36.34,96,2.19
63,Upernavik,GL,2023-03-30 18:52:43,72.7868,-56.1549,-13.31,90,7.14
64,Cotonou,BJ,2023-03-30 19:00:56,6.3654,2.4183,84.18,79,11.5
65,Yumen,CN,2023-03-30 18:51:32,40.2833,97.2,47.46,15,9.93
66,Jamestown,US,2023-03-30 18:58:38,42.097,-79.2353,37.02,52,6.91
67,Anadyr,RU,2023-03-30 18:55:25,64.75,177.4833,3.7,85,8.95
68,Hualmay,PE,2023-03-30 19:00:56,-11.0964,-77.6139,75.61,83,12.97
69,Key West,US,2023-03-30 19:00:36,24.5557,-81.7826,82.0,74,8.99
70,Labuhan,ID,2023-03-30 19:00:57,-6.8844,112.2051,81.46,77,6.08
71,Yulara,AU,2023-03-30 19:00:57,-25.2406,130.9889,67.75,57,16.35
72,Airai,TL,2023-03-30 18:52:35,-8.9266,125.4092,59.61,96,1.83
73,Guara,BR,2023-03-30 19:00:57,-20.4283,-47.8242,84.06,54,3.62
74,Dikson,RU,2023-03-30 18:52:45,73.5069,80.5464,-14.98,100,5.97
75,Port Alfred,ZA,2023-03-30 18:56:01,-33.5906,26.891,59.18,85,3.0
76,Siocon,PH,2023-03-30 19:00:58,7.7061,122.1353,81.0,75,3.69
77,Laxou,FR,2023-03-30 19:00:58,48.6832,6.148,60.62,55,14.97
78,Barrow,US,2023-03-30 18:52:44,71.2906,-156.7887,-0.38,85,12.66
79,Georgetown,MY,2023-03-30 18:46:55,5.4112,100.3354,82.33,89,2.3
80,Montepuez,MZ,2023-03-30 19:00:58,-13.1256,38.9997,68.99,99,3.58
81,Luganville,VU,2023-03-30 19:00:58,-15.5333,167.1667,74.97,95,1.86
82,Tautira,PF,2023-03-30 19:00:59,-17.7333,-149.15,80.08,75,5.77
83,Aseri,EE,2023-03-30 19:00:59,59.4506,26.8675,28.72,92,5.53
84,Sitka,US,2023-03-30 18:58:39,57.0531,-135.33,39.09,70,3.44
85,Qasigiannguit,GL,2023-03-30 19:00:59,68.8193,-51.1922,8.85,86,1.21
86,Souillac,MU,2023-03-30 18:52:45,-20.5167,57.5167,80.98,89,11.5
87,Amurzet,RU,2023-03-30 19:00:59,47.6967,131.0981,34.84,42,3.94
88,Hithadhoo,MV,2023-03-30 18:52:45,-0.6,73.0833,82.56,74,8.72
89,Namibe,AO,2023-03-30 18:52:36,-15.1961,12.1522,74.1,80,7.83
90,Albany,US,2023-03-30 18:57:09,42.6001,-73.9662,38.95,36,3.0
91,Hattiesburg,US,2023-03-30 18:59:37,31.3271,-89.2903,80.22,35,5.75
92,Butaritari,KI,2023-03-30 19:01:00,3.0707,172.7902,81.63,80,11.39
93,Buchanan,LR,2023-03-30 19:01:00,5.8808,-10.0467,79.7,81,6.69
94,Sao Joao Da Barra,BR,2023-03-30 18:56:27,-21.6403,-41.0511,87.89,69,14.0
95,Tabas,IR,2023-03-30 19:01:00,33.5959,56.9244,72.99,18,3.96
96,Russell,US,2023-03-30 19:01:01,32.3502,-85.1999,75.9,33,0.0
97,Adrar,MR,2023-03-30 18:53:51,20.5022,-10.0711,87.76,8,12.75
98,Avarua,CK,2023-03-30 18:51:31,-21.2078,-159.775,80.65,89,12.66
99,Coari,BR,2023-03-30 19:01:01,-4.085,-63.1414,90.05,55,2.82
100,Kodiak,US,2023-03-30 18:55:20,57.79,-152.4072,35.11,87,14.97
101,Atbasar,KZ,2023-03-30 19:01:02,51.8,68.3333,18.91,87,11.23
102,Hobart,AU,2023-03-30 19:00:06,-42.8794,147.3294,56.26,79,3.44
103,Cidreira,BR,2023-03-30 18:51:27,-30.1811,-50.2056,82.06,58,5.82
104,Xining,CN,2023-03-30 18:55:30,36.6167,101.7667,40.93,61,1.86
105,Kandrian,PG,2023-03-30 19:01:05,-6.2167,149.55,76.57,88,7.61
106,Mehamn,NO,2023-03-30 19:01:06,71.0357,27.8492,28.35,93,6.91
107,Nago,JP,2023-03-30 19:01:06,26.5881,127.9761,72.03,92,12.06
108,Bambous Virieux,MU,2023-03-30 18:51:26,-20.3428,57.7575,80.85,89,11.5
109,Norman Wells,CA,2023-03-30 19:01:07,65.282,-126.8329,12.24,62,14.97
110,La Ronge,CA,2023-03-30 19:01:08,55.1001,-105.2842,21.45,38,3.44
111,Kathmandu,NP,2023-03-30 18:57:31,27.7167,85.3167,60.84,67,3.44
112,New Norfolk,AU,2023-03-30 19:01:09,-42.7826,147.0587,55.92,79,1.01
113,Kitui,KE,2023-03-30 19:01:09,-1.367,38.0106,69.21,74,2.64
114,Camacha,PT,2023-03-30 19:01:10,33.0833,-16.3333,67.42,78,16.11
115,Saint George,US,2023-03-30 18:47:43,37.1041,-113.5841,51.94,51,12.66
116,Shimoda,JP,2023-03-30 19:01:11,34.6667,138.95,53.1,66,3.87
117,Eureka,US,2023-03-30 19:00:09,40.8021,-124.1637,52.25,74,4.0
118,Winnemucca,US,2023-03-30 19:01:12,40.973,-117.7357,37.45,56,4.61
119,Banda Aceh,ID,2023-03-30 18:57:45,5.5577,95.3222,79.52,79,4.68
120,Goderich,CA,2023-03-30 19:01:12,43.7501,-81.7165,33.91,51,12.66
121,Hamilton,US,2023-03-30 18:57:08,39.1834,-84.5333,60.26,39,4.61
122,Kargasok,RU,2023-03-30 19:01:13,59.0556,80.8572,11.64,90,12.33
123,Yar-Sale,RU,2023-03-30 18:58:17,66.8333,70.8333,-7.74,100,3.49
124,Kahului,US,2023-03-30 18:56:19,20.8947,-156.47,79.84,77,8.05
125,Farafangana,MG,2023-03-30 19:01:14,-22.8167,47.8333,76.37,86,8.28
126,Black Diamond,US,2023-03-30 19:01:14,47.3087,-122.0032,52.0,66,5.99
127,Castro,BR,2023-03-30 19:01:15,-24.7911,-50.0119,76.17,68,2.75
128,Qianan,CN,2023-03-30 19:01:16,44.9932,124.0581,47.53,40,6.31
129,Holly Springs,US,2023-03-30 19:00:09,35.6513,-78.8336,68.05,30,5.01
130,Tra Vinh,VN,2023-03-30 19:01:16,9.9347,106.3453,75.69,85,3.47
131,Lebu,CL,2023-03-30 18:56:41,-37.6167,-73.65,58.69,68,16.75
132,Coahuayana,MX,2023-03-30 18:53:47,18.7333,-103.6833,91.78,28,6.85
133,Dhidhdhoo,MV,2023-03-30 19:01:17,6.8833,73.1,81.95,75,8.55
134,Trinidad,BO,2023-03-30 19:01:17,-14.8333,-64.9,85.98,70,0.0
135,Arraial Do Cabo,BR,2023-03-30 18:52:40,-22.9661,-42.0278,87.76,66,9.22
136,Dingli,MT,2023-03-30 19:01:18,35.8614,14.3822,58.82,82,5.75
137,Tasiilaq,GL,2023-03-30 18:51:27,65.6145,-37.6368,24.96,89,8.34
138,Yellowknife,CA,2023-03-30 19:01:18,62.456,-114.3525,7.32,66,2.3
139,Tulagi,SB,2023-03-30 19:01:19,-9.0996,160.1476,80.71,76,3.18
140,Puerto Madryn,AR,2023-03-30 18:58:17,-42.7692,-65.0385,57.94,50,21.23
141,Lorengau,PG,2023-03-30 18:53:48,-2.0226,147.2712,78.89,80,1.05
142,Molteno,ZA,2023-03-30 19:01:22,-31.3968,26.3625,50.86,45,8.39
143,Hambantota,LK,2023-03-30 19:01:22,6.1241,81.1185,75.54,100,1.14
144,Broken Hill,AU,2023-03-30 18:58:29,-31.95,141.4333,59.85,53,7.29
145,Pevek,RU,2023-03-30 18:52:43,69.7008,170.3133,-4.85,93,6.78
146,Aswan,EG,2023-03-30 19:01:26,24.0934,32.907,72.7,21,9.22
147,Glendive,US,2023-03-30 19:01:26,47.1053,-104.7125,35.22,64,18.41
148,Ballina,AU,2023-03-30 19:01:26,-28.8667,153.5667,57.78,70,9.13
149,Rawlins,US,2023-03-30 19:01:20,41.7911,-107.2387,40.35,60,11.5
150,Indianola,US,2023-03-30 19:01:27,41.3581,-93.5574,68.49,45,8.99
151,Mountain Home,US,2023-03-30 19:00:04,43.133,-115.6912,38.68,94,16.11
152,Maloy,NO,2023-03-30 19:01:28,61.9353,5.1136,37.13,75,4.88
153,Samarai,PG,2023-03-30 19:01:28,-10.6167,150.6667,82.09,76,4.09
154,Aklavik,CA,2023-03-30 19:01:30,68.2191,-135.0107,5.0,66,6.91
155,Hellin,ES,2023-03-30 19:01:30,38.5106,-1.701,68.67,26,12.01
156,Gweru,ZW,2023-03-30 19:01:31,-19.45,29.8167,62.44,87,6.46
157,Astoria,US,2023-03-30 19:00:03,46.1879,-123.8313,49.93,75,8.05
158,Saint-Philippe,RE,2023-03-30 18:53:46,-21.3585,55.7679,78.39,89,10.56
159,Provideniya,RU,2023-03-30 19:01:31,64.3833,-173.3,15.69,85,8.39
160,Zabid,YE,2023-03-30 19:01:32,14.1951,43.3152,84.38,66,6.15
161,Chateau-Thierry,FR,2023-03-30 19:01:32,49.05,3.4,56.23,75,15.48
162,Voskresensk,RU,2023-03-30 18:58:02,55.3125,38.6636,34.38,84,8.55
163,Polazna,RU,2023-03-30 19:01:33,58.2946,56.4055,36.79,74,11.56
164,Bengkulu,ID,2023-03-30 19:01:33,-3.8004,102.2655,73.2,91,7.56
165,Kruisfontein,ZA,2023-03-30 18:57:39,-34.0033,24.7314,57.18,94,6.35
166,Hervey Bay,AU,2023-03-30 19:00:07,-25.2986,152.8535,68.56,61,9.44
167,Amudat,UG,2023-03-30 19:01:34,1.95,34.95,74.05,60,13.69
168,Roma,US,2023-03-30 18:54:53,43.2128,-75.4557,36.37,47,14.97
169,Khatanga,RU,2023-03-30 18:52:42,71.9667,102.5,-20.27,99,7.25
170,Saint-Augustin,CA,2023-03-30 19:01:27,51.226,-58.6502,34.07,76,10.78
171,Pahrump,US,2023-03-30 19:00:04,36.2083,-115.9839,49.84,51,8.99
172,Salalah,OM,2023-03-30 19:01:35,17.0151,54.0924,79.34,56,4.07
173,Ayagoz,KZ,2023-03-30 19:01:35,47.9714,80.4392,24.66,75,20.0
174,Yaan,NG,2023-03-30 19:01:36,7.3833,8.5667,91.98,32,4.27
175,Klaksvik,FO,2023-03-30 18:56:57,62.2266,-6.589,45.52,98,28.5
176,Half Moon Bay,US,2023-03-30 18:58:02,37.4636,-122.4286,57.45,71,4.61
177,Tilichiki,RU,2023-03-30 18:56:29,60.4667,166.1,3.27,100,2.33
178,Nanortalik,GL,2023-03-30 18:56:21,60.1432,-45.2371,25.39,72,10.67
179,Northview,US,2023-03-30 19:00:21,43.0456,-85.6006,45.37,29,5.99
180,Dorogobuzh,RU,2023-03-30 19:01:38,54.915,33.2972,25.59,94,2.86
181,Kattivakkam,IN,2023-03-30 19:01:38,13.2167,80.3167,84.29,83,8.66
182,Ribeira Grande,PT,2023-03-30 19:01:38,38.5167,-28.7,63.0,77,7.0
183,Walvis Bay,NA,2023-03-30 18:52:36,-22.9575,14.5053,61.75,77,6.91
184,Almaty,KZ,2023-03-30 19:01:39,43.25,76.95,46.31,87,4.47
185,Dingle,PH,2023-03-30 19:01:39,10.9995,122.6711,75.83,87,7.74
186,Anamur,TR,2023-03-30 19:01:39,36.0751,32.8369,45.7,44,6.98
187,Ayan,RU,2023-03-30 18:57:20,56.45,138.1667,18.23,93,6.24
188,Port Lincoln,AU,2023-03-30 19:00:55,-34.7333,135.8667,57.18,82,3.33
189,Craig,US,2023-03-30 18:59:06,40.5153,-107.5464,45.39,56,0.0
190,Poso,ID,2023-03-30 19:01:40,-1.3959,120.7524,76.89,89,4.72
191,Kirovskiy,RU,2023-03-30 18:56:27,45.0917,133.5136,35.53,49,2.98
192,Neiafu,TO,2023-03-30 19:01:16,-18.65,-173.9833,74.08,94,0.0
193,Longyearbyen,SJ,2023-03-30 18:53:47,78.2186,15.6401,21.04,73,5.75
194,Culpeper,US,2023-03-30 18:57:59,38.5004,-77.9664,57.76,37,5.01
195,Rio Grande,BR,2023-03-30 18:57:39,-32.035,-52.0986,80.71,79,7.96
196,Kavaratti,IN,2023-03-30 19:01:42,10.5669,72.642,81.03,70,8.48
197,Lata,PT,2023-03-30 18:53:47,40.1629,-8.3327,58.35,75,6.13
198,Poros,GR,2023-03-30 19:01:43,37.4994,23.4536,53.85,55,1.3
199,Bonavista,CA,2023-03-30 19:01:43,48.6499,-53.1147,31.69,74,6.8
200,Caravelas,BR,2023-03-30 19:01:43,-17.7125,-39.2481,83.19,60,9.17
201,Muros,ES,2023-03-30 18:52:37,42.7762,-9.0603,61.09,89,22.35
202,Tulun,RU,2023-03-30 19:01:44,54.5611,100.5792,24.6,86,16.98
203,Zachary,US,2023-03-30 19:01:44,30.6485,-91.1565,80.67,42,9.51
204,Tuatapere,NZ,2023-03-30 19:01:44,-46.1333,167.6833,40.75,91,4.21
205,San Quintin,MX,2023-03-30 18:53:50,30.4833,-115.95,59.09,57,14.99
206,Nikolskoye,RU,2023-03-30 19:01:44,59.7035,30.7861,26.49,99,4.38
207,Baljevac,BA,2023-03-30 19:01:45,44.8206,15.7799,45.41,90,5.84
208,Riyadh,SA,2023-03-30 19:00:17,24.6877,46.7219,80.74,21,17.4
209,Gangarampur,IN,2023-03-30 19:01:45,25.4,88.5167,76.91,62,10.38
210,Nabire,ID,2023-03-30 19:01:47,-3.3667,135.4833,74.52,93,2.57
211,Codajas,BR,2023-03-30 19:01:47,-3.8367,-62.0569,80.22,93,3.47
212,Honningsvag,NO,2023-03-30 19:01:47,70.9821,25.9704,28.15,93,10.36
213,Amiens,FR,2023-03-30 19:00:27,49.9,2.3,54.59,86,11.83
214,Mana,GF,2023-03-30 19:01:47,5.6592,-53.7767,82.49,68,10.31
215,Puerto Lopez,CO,2023-03-30 19:01:47,4.0845,-72.956,91.62,39,10.65
216,Tefe,BR,2023-03-30 19:01:48,-3.3542,-64.7114,86.11,74,3.44
217,Tessalit,ML,2023-03-30 19:01:48,20.1986,1.0114,85.26,6,11.63
218,Shingu,JP,2023-03-30 19:01:48,33.7333,135.9833,50.5,77,3.2
219,Aginskoye,RU,2023-03-30 19:01:48,51.1,114.53,39.45,63,6.26
220,Grand Island,US,2023-03-30 18:59:15,40.925,-98.342,65.28,59,19.57
221,Haines Junction,CA,2023-03-30 19:01:49,60.7522,-137.5108,22.95,63,1.14
222,Garden City,US,2023-03-30 19:00:50,42.3256,-83.331,46.78,43,5.01
223,Kavieng,PG,2023-03-30 19:01:49,-2.5744,150.7967,79.23,81,12.48
224,Nemuro,JP,2023-03-30 19:01:49,43.3236,145.575,37.9,89,17.47
225,Dunedin,NZ,2023-03-30 19:00:21,-45.8742,170.5036,48.31,95,2.24
226,Svetlogorsk,BY,2023-03-30 19:01:49,52.6333,29.7333,27.32,93,6.35
227,Aasiaat,GL,2023-03-30 19:01:50,68.7098,-52.8699,-5.17,90,4.21
228,Thompson,CA,2023-03-30 18:57:35,55.7435,-97.8558,12.36,44,12.66
229,Angoche,MZ,2023-03-30 19:01:50,-16.2325,39.9086,72.45,92,2.77
230,Stromness,GB,2023-03-30 19:01:51,58.965,-3.296,46.36,88,7.0
231,Komatsu,JP,2023-03-30 19:01:51,36.4026,136.4509,42.78,75,2.3
232,Lima,PE,2023-03-30 19:01:18,-12.0432,-77.0282,79.05,69,13.8
233,De Aar,ZA,2023-03-30 19:01:52,-30.6497,24.0123,62.96,29,12.62
234,Odweyne,SO,2023-03-30 19:01:52,9.4092,45.064,80.71,51,9.28
235,Manitouwadge,CA,2023-03-30 19:01:52,49.1215,-85.8403,27.27,79,14.2
236,Pacific Grove,US,2023-03-30 19:01:53,36.6177,-121.9166,55.42,72,5.01
237,Clyde River,CA,2023-03-30 18:52:35,70.4692,-68.5914,1.63,78,11.5
238,Sarkikaraagac,TR,2023-03-30 19:01:53,38.0794,31.3664,27.77,68,8.52
239,Krasnyy Oktyabr,RU,2023-03-30 19:01:53,56.1167,38.8833,33.85,93,6.31
240,Boa Vista,BR,2023-03-30 19:01:53,2.8197,-60.6733,89.58,45,16.11
241,Uttaradit,TH,2023-03-30 19:01:54,17.6667,100.5,73.02,38,0.51
242,San Cristobal,VE,2023-03-30 18:50:13,7.7669,-72.225,75.38,53,5.44
243,Tadine,NC,2023-03-30 19:01:54,-21.55,167.8833,75.97,86,7.23
244,Nioki,CD,2023-03-30 18:57:37,-2.7167,17.6833,70.07,99,3.89
245,Palana,RU,2023-03-30 19:01:54,59.1167,159.9667,12.31,89,10.89
246,Marsabit,KE,2023-03-30 19:01:54,2.3284,37.9899,75.6,47,9.37
247,Blackwater,AU,2023-03-30 19:01:55,-23.5833,148.8833,69.49,57,8.79
248,Quatre Cocos,MU,2023-03-30 19:01:55,-20.2078,57.7625,80.71,83,18.84
249,Rawson,AR,2023-03-30 19:01:15,-43.3002,-65.1023,54.46,58,16.17
250,Tabou,CI,2023-03-30 19:01:55,4.423,-7.3528,80.11,82,6.55
251,Luderitz,NA,2023-03-30 18:57:38,-26.6481,15.1594,62.89,72,19.69
252,Petropavlovsk-Kamchatskiy,RU,2023-03-30 19:01:55,53.0452,158.6483,25.39,80,15.66
253,Pisco,PE,2023-03-30 18:54:41,-13.7,-76.2167,80.02,73,12.66
254,Porto Novo,BJ,2023-03-30 19:01:56,6.4965,2.6036,84.02,76,5.44
255,Lasa,IT,2023-03-30 18:57:40,46.6166,10.7002,51.03,95,4.05
256,Coihaique,CL,2023-03-30 19:01:56,-45.5752,-72.0662,51.75,54,4.61
257,Mount Isa,AU,2023-03-30 18:55:28,-20.7333,139.5,69.57,60,0.0
258,Maceio,BR,2023-03-30 19:00:17,-9.6658,-35.7353,85.44,61,10.36
259,Verkhoturye,RU,2023-03-30 19:01:56,58.8627,60.8054,25.83,91,7.94
260,Beringovskiy,RU,2023-03-30 19:01:57,63.05,179.3167,4.53,92,9.37
261,Port Macquarie,AU,2023-03-30 18:56:58,-31.4333,152.9167,52.9,67,7.34
262,Fairbanks,US,2023-03-30 19:00:00,64.8378,-147.7164,29.08,56,3.22
263,Bijie,CN,2023-03-30 19:01:57,27.3125,105.2942,50.34,96,2.48
264,Bandarbeyla,SO,2023-03-30 19:00:52,9.4942,50.8122,80.91,73,8.41
265,Leningradskiy,RU,2023-03-30 19:01:57,69.3833,178.4167,-16.26,99,4.59
266,Comodoro Rivadavia,AR,2023-03-30 18:51:52,-45.8667,-67.5,49.86,57,16.11
267,Puerto Narino,CO,2023-03-30 19:01:58,-3.7703,-70.3831,87.21,61,2.77
268,Plouzane,FR,2023-03-30 19:01:58,48.3833,-4.6167,53.78,94,31.07
269,Timoteo,BR,2023-03-30 19:01:58,-19.5825,-42.6444,90.46,40,5.19
270,Warwick,US,2023-03-30 19:01:08,41.7001,-71.4162,45.09,24,10.36
271,Ancud,CL,2023-03-30 19:01:58,-41.8697,-73.8203,51.87,63,8.23
272,Cherskiy,RU,2023-03-30 18:53:51,68.75,161.3,11.07,96,8.3
273,Floro,NO,2023-03-30 19:01:59,61.5996,5.0328,38.23,87,5.75
274,Harper,LR,2023-03-30 18:55:30,4.375,-7.7169,80.31,82,6.33
275,Dallas,US,2023-03-30 18:57:04,32.7668,-96.7836,69.17,79,14.97
276,Fushun,CN,2023-03-30 19:01:59,41.8558,123.9233,38.91,40,4.36
277,Beidao,CN,2023-03-30 19:01:59,34.5686,105.8933,48.38,80,5.19
278,Mahibadhoo,MV,2023-03-30 19:01:59,3.7833,72.9667,82.08,75,6.93
279,Brae,GB,2023-03-30 19:02:00,60.3964,-1.353,45.63,93,10.4
280,Margate,GB,2023-03-30 19:02:00,51.3813,1.3862,53.69,77,5.01
281,Laguna,US,2023-03-30 18:57:36,38.421,-121.4238,57.29,70,4.61
282,Tiznit,MA,2023-03-30 19:02:02,29.5833,-9.5,77.45,19,2.68
283,Te Anau,NZ,2023-03-30 19:02:03,-45.4167,167.7167,40.21,90,1.48
284,Hofn,IS,2023-03-30 19:02:03,64.2539,-15.2082,44.74,95,20.18
285,Natal,BR,2023-03-30 19:00:27,-5.795,-35.2094,79.45,94,9.22
286,Sambava,MG,2023-03-30 19:02:08,-14.2667,50.1667,79.7,84,9.69
287,Ransang,PH,2023-03-30 19:02:08,8.9603,117.5828,77.65,88,5.08
288,Kamaishi,JP,2023-03-30 19:02:09,39.2667,141.8833,46.92,90,5.73
289,Conceicao Do Araguaia,BR,2023-03-30 19:02:10,-8.2578,-49.2647,83.7,71,3.02
290,Lerwick,GB,2023-03-30 19:02:10,60.1545,-1.1494,44.6,96,8.97
291,Lentekhi,GE,2023-03-30 19:02:10,42.7856,42.7261,27.73,98,2.46
292,Minot,US,2023-03-30 19:02:11,48.2325,-101.2963,31.24,100,8.01
293,Geraldton,AU,2023-03-30 18:53:47,-28.7667,114.6,68.41,88,9.22
294,College,US,2023-03-30 19:02:11,64.8569,-147.8028,29.07,56,3.29
295,Mbandaka,CD,2023-03-30 19:02:12,0.0487,18.2603,69.53,95,3.02
296,Conde,BR,2023-03-30 18:57:37,-7.2597,-34.9075,83.66,70,13.8
297,Burley,US,2023-03-30 19:02:13,42.5357,-113.7928,35.56,88,19.57
298,Sao Filipe,CV,2023-03-30 18:53:52,14.8961,-24.4956,75.06,75,8.63
299,Ust-Koksa,RU,2023-03-30 19:02:14,50.2696,85.6108,19.04,87,11.21
300,Spearfish,US,2023-03-30 19:02:14,44.4908,-103.8594,51.12,49,8.01
301,Morondava,MG,2023-03-30 19:02:14,-20.2833,44.2833,78.42,79,7.94
302,La Rioja,ES,2023-03-30 19:02:17,42.25,-2.5,58.78,51,13.89
303,Narsaq,GL,2023-03-30 19:02:17,60.9167,-46.05,34.02,69,1.28
304,Bantry,IE,2023-03-30 19:02:18,51.6833,-9.45,50.79,98,8.63
305,Idenao,CM,2023-03-30 19:02:18,4.2475,9.0047,79.2,89,6.49
306,Iskateley,RU,2023-03-30 19:02:18,67.6803,53.1512,29.23,90,19.82
307,Karratha,AU,2023-03-30 18:58:00,-20.7377,116.8463,80.67,80,6.6
308,Urzhum,RU,2023-03-30 19:02:19,57.1141,49.9996,37.0,80,16.04
309,Soyo,AO,2023-03-30 19:02:19,-6.1349,12.3689,82.02,73,3.44
310,Morro Bay,US,2023-03-30 19:02:19,35.3658,-120.8499,58.98,77,1.99
311,Waipawa,NZ,2023-03-30 19:02:20,-41.4122,175.5153,49.5,97,3.94
312,Olafsvik,IS,2023-03-30 19:02:20,64.8945,-23.7142,37.58,91,13.24
313,Esperance,AU,2023-03-30 18:56:37,-33.8667,121.9,59.67,77,11.25
314,Fare,PF,2023-03-30 19:02:21,-16.7,-151.0167,81.7,72,9.6
315,Sao Desiderio,BR,2023-03-30 19:02:21,-12.3633,-44.9733,85.89,46,4.61
316,Giyani,ZA,2023-03-30 19:02:22,-23.3025,30.7187,69.69,74,2.62
317,Simpang,ID,2023-03-30 19:02:22,-1.2667,104.0833,72.59,98,1.23
318,Papara,BR,2023-03-30 19:02:22,-3.9839,-38.7273,84.6,73,7.29
319,Gravelbourg,CA,2023-03-30 19:02:23,49.8834,-106.5512,23.27,78,6.4
320,Gravdal,NO,2023-03-30 19:02:24,68.1214,13.5031,33.69,47,21.85
321,Karangampel,ID,2023-03-30 19:02:24,-6.4622,108.4519,79.16,81,12.64
322,Esfarayen,IR,2023-03-30 19:02:25,37.0765,57.5101,53.26,38,1.14
323,Grande Prairie,CA,2023-03-30 19:00:08,55.1667,-118.8027,32.18,86,2.3
324,Corat,AZ,2023-03-30 19:02:25,40.5725,49.7064,48.29,58,30.87
325,Jaisalmer,IN,2023-03-30 19:02:26,26.9147,70.9181,77.54,38,5.03
326,Alofi,NU,2023-03-30 19:02:26,-19.0595,-169.9187,78.69,89,4.61
327,Aykhal,RU,2023-03-30 18:52:36,66.0,111.5,-6.21,99,10.49
328,Pangody,RU,2023-03-30 19:02:26,65.85,74.4859,-13.34,100,6.46
329,Sola,VU,2023-03-30 18:56:33,-13.8833,167.55,81.5,74,5.21
330,Seda,LV,2023-03-30 19:02:26,57.65,25.75,33.06,99,2.91
331,Kirakira,SB,2023-03-30 18:58:19,-10.4544,161.9205,78.64,83,0.2
332,Tulsipur,NP,2023-03-30 19:02:27,28.131,82.2973,67.44,31,6.46
333,Charters Towers,AU,2023-03-30 19:02:27,-20.1,146.2667,76.08,69,6.78
334,Cabo San Lucas,MX,2023-03-30 18:50:52,22.8909,-109.9124,84.51,34,3.44
335,Loralai,PK,2023-03-30 19:02:28,30.3705,68.598,53.64,73,1.48
336,Raga,SS,2023-03-30 19:02:28,8.4596,25.678,82.99,15,3.31
337,Tura,IN,2023-03-30 19:02:28,25.5198,90.2201,66.18,79,3.83
338,Kovdor,RU,2023-03-30 19:02:29,67.5662,30.4758,11.68,94,7.67
339,Deputatskiy,RU,2023-03-30 19:02:29,69.3,139.9,-11.67,100,2.57
340,Limbang,MY,2023-03-30 19:02:29,4.75,115.0,77.11,97,6.26
341,Oranjemund,NA,2023-03-30 19:02:30,-28.55,16.4333,62.1,84,22.1
342,Wladyslawowo,PL,2023-03-30 19:02:30,54.7909,18.4009,50.47,95,10.58
343,Methven,NZ,2023-03-30 19:02:31,-43.6333,171.65,42.91,99,1.01
344,Srednekolymsk,RU,2023-03-30 19:02:31,67.45,153.6833,2.5,99,7.02
345,Alta Floresta,BR,2023-03-30 19:01:02,-9.8756,-56.0861,96.62,49,5.75
346,Port Hedland,AU,2023-03-30 18:58:31,-20.3167,118.5667,80.65,89,3.44
347,San Jose,US,2023-03-30 18:59:02,37.3394,-121.895,57.56,65,5.75
348,Netanya,IL,2023-03-30 19:02:33,32.3329,34.8599,55.42,51,29.37
349,Husavik,IS,2023-03-30 18:57:34,66.0449,-17.3389,35.4,84,18.07
350,Niamey,NE,2023-03-30 18:58:08,13.5137,2.1098,98.89,6,9.22
351,Ilhabela,BR,2023-03-30 19:02:34,-23.7781,-45.3581,80.98,77,2.75
352,Antalaha,MG,2023-03-30 19:02:34,-14.9003,50.2788,76.91,88,8.25
353,Muroto,JP,2023-03-30 19:02:34,33.2833,134.15,59.63,57,6.06
354,Port Elizabeth,ZA,2023-03-30 19:02:19,-33.918,25.5701,62.89,85,15.01
355,Boyolangu,ID,2023-03-30 19:02:34,-8.1181,111.8935,75.15,89,1.1
356,Banos,EC,2023-03-30 19:02:35,-1.4,-78.4167,76.21,93,3.0
357,Izumo,JP,2023-03-30 19:02:35,35.3667,132.7667,49.95,67,2.98
358,Santa Maria,BR,2023-03-30 19:02:36,-29.6842,-53.8069,81.7,65,3.44
359,Hasaki,JP,2023-03-30 19:02:37,35.7333,140.8333,52.21,76,10.58
360,Puerto Leguizamo,CO,2023-03-30 18:56:40,-0.1934,-74.7819,84.88,69,1.43
361,Ahuimanu,US,2023-03-30 19:02:37,21.4447,-157.8378,78.62,83,9.22
362,Sioux Lookout,CA,2023-03-30 19:02:38,50.1001,-91.917,26.67,54,10.36
363,Mogadishu,SO,2023-03-30 19:02:38,2.0371,45.3438,82.02,74,15.17
364,Gao,ML,2023-03-30 19:00:41,16.6362,1.637,83.93,5,12.46
365,Talara,PE,2023-03-30 19:02:39,-4.5772,-81.2719,86.76,66,6.91
366,Imbituba,BR,2023-03-30 19:01:41,-28.24,-48.6703,77.61,76,6.91
367,Sitges,ES,2023-03-30 19:02:40,41.2351,1.8119,63.72,83,1.99
368,Ulaangom,MN,2023-03-30 19:02:40,49.9811,92.0667,20.71,92,9.46
369,Maniitsoq,GL,2023-03-30 19:02:40,65.4167,-52.9,18.77,68,5.91
370,Ramos Arizpe,MX,2023-03-30 19:02:41,25.55,-100.9667,87.94,16,4.5
371,Leon Valley,US,2023-03-30 19:02:41,29.4952,-98.6186,76.37,87,14.97
372,Yerbogachen,RU,2023-03-30 19:02:42,61.2767,108.0108,-3.3,96,4.74
373,Ishigaki,JP,2023-03-30 19:02:42,24.3448,124.1572,69.93,83,8.05
374,Dubno,UA,2023-03-30 19:02:42,50.4169,25.7343,39.61,86,8.43
375,Batsfjord,NO,2023-03-30 19:02:42,70.6345,29.7185,26.53,86,12.66
376,Nova Odesa,UA,2023-03-30 19:02:42,47.3078,31.7851,39.16,46,6.82
377,Terrak,NO,2023-03-30 19:02:43,65.087,12.3715,30.07,80,4.9
378,Cervo,ES,2023-03-30 19:02:43,43.6702,-7.4101,61.97,71,24.83
379,Chipoka,MW,2023-03-30 19:02:43,-13.9933,34.5157,73.74,84,5.08
380,Buraydah,SA,2023-03-30 19:02:43,26.326,43.975,75.65,29,11.83
381,Tela,HN,2023-03-30 19:02:43,15.7833,-87.45,84.15,74,6.91
382,Gilgit,PK,2023-03-30 19:02:43,35.9221,74.3087,54.7,56,2.82
383,Magadan,RU,2023-03-30 19:02:44,59.5667,150.8,9.54,83,7.11
384,Juneau,US,2023-03-30 18:52:57,58.3019,-134.4197,39.22,86,6.91
385,Moa,CU,2023-03-30 19:02:44,20.6569,-74.9403,83.37,56,11.79
386,Semey,KZ,2023-03-30 19:02:44,50.4111,80.2275,27.72,54,12.21
387,Egvekinot,RU,2023-03-30 19:02:44,66.3167,-179.1667,1.51,89,5.91
388,Ponta Do Sol,PT,2023-03-30 19:02:44,32.6667,-17.1,75.83,62,3.74
389,Guane,CU,2023-03-30 19:02:44,22.2025,-84.0875,86.79,48,8.08
390,Camopi,GF,2023-03-30 19:02:45,3.1655,-52.3158,79.99,86,4.76
391,Nakanojo,JP,2023-03-30 19:02:45,36.5833,138.85,47.93,90,3.18
392,Auki,SB,2023-03-30 19:02:45,-8.7676,160.7034,76.15,88,2.8
393,Aksu,CN,2023-03-30 19:02:45,41.1231,80.2644,58.62,19,1.41
394,Bauta,CU,2023-03-30 19:02:45,22.9828,-82.5464,85.98,55,17.13
395,Buala,SB,2023-03-30 19:02:46,-8.145,159.5921,78.48,81,3.42
396,Aleksandrovka,UA,2023-03-30 19:02:46,46.8383,32.7612,37.71,61,8.68
397,Lavrentiya,RU,2023-03-30 19:02:46,65.5833,-171.0,17.71,84,8.39
398,Tingo Maria,PE,2023-03-30 19:02:46,-9.2895,-76.0088,71.91,94,2.3
399,Hamirpur,IN,2023-03-30 19:02:46,25.95,80.15,84.79,24,5.57
400,Iranshahr,IR,2023-03-30 19:02:46,27.2025,60.6848,73.74,53,0.0
401,Takoradi,GH,2023-03-30 19:02:47,4.8845,-1.7554,81.23,77,10.98
402,Fort Nelson,CA,2023-03-30 19:02:47,58.8053,-122.7002,30.94,85,1.99
403,Pachino,IT,2023-03-30 19:02:47,36.7186,15.0907,56.03,86,13.33
404,Eyl,SO,2023-03-30 19:02:47,7.9803,49.8164,80.73,74,11.65
405,Clonakilty,IE,2023-03-30 19:02:47,51.6231,-8.8706,49.21,97,15.48
406,Tamworth,GB,2023-03-30 19:02:47,52.634,-1.6959,55.02,77,10.0
407,Manyana,BW,2023-03-30 19:02:48,-23.4,21.7167,74.25,38,7.58
408,Moscow,RU,2023-03-30 18:58:19,55.7522,37.6156,33.98,85,7.92
409,Rognan,NO,2023-03-30 19:02:48,67.0953,15.3878,34.05,92,5.01
410,Teahupoo,PF,2023-03-30 19:02:48,-17.8333,-149.2667,78.76,75,3.87
411,Lakatoro,VU,2023-03-30 19:02:48,-16.0999,167.4164,79.56,83,4.41
412,Sirsilla,IN,2023-03-30 19:02:48,18.3833,78.8333,82.56,53,13.58
413,Mama,RU,2023-03-30 19:02:49,58.3106,112.8986,32.07,98,4.7
414,Bathsheba,BB,2023-03-30 19:02:49,13.2167,-59.5167,84.81,58,23.02
415,Pemberton,CA,2023-03-30 19:00:08,50.3164,-122.8027,50.11,57,2.82
416,Faya,SA,2023-03-30 18:56:43,18.3851,42.4509,62.71,67,6.2
417,Shelburne,CA,2023-03-30 19:00:18,44.0787,-80.2041,34.25,63,12.73
418,Kencong,ID,2023-03-30 19:02:49,-8.2833,113.3667,74.71,88,2.28
419,Schwandorf,DE,2023-03-30 19:02:50,49.3262,12.1093,52.72,88,8.79
420,Mumbwa,ZM,2023-03-30 19:02:50,-14.9783,27.0619,70.02,76,4.81
421,Prainha,BR,2023-03-30 19:02:50,-1.8,-53.48,80.2,86,2.53
422,Caxito,AO,2023-03-30 19:02:50,-8.5785,13.6643,77.31,85,2.75
423,Setubal,PT,2023-03-30 19:02:50,38.5244,-8.8882,64.29,70,6.91
424,Mwinilunga,ZM,2023-03-30 19:02:50,-11.7358,24.4293,63.84,96,2.62
425,Paris,FR,2023-03-30 19:00:53,48.8534,2.3488,60.12,69,13.8
426,Maryborough,AU,2023-03-30 19:02:51,-25.5333,152.7,61.86,66,4.65
427,Wyndham,US,2023-03-30 19:01:26,37.6985,-77.6125,60.78,37,5.01
428,Evensk,RU,2023-03-30 19:02:51,61.95,159.2333,2.62,97,5.1
429,Labuan,MY,2023-03-30 19:02:51,5.2767,115.2417,75.56,94,0.0
430,Naron,ES,2023-03-30 19:02:51,43.5167,-8.1528,62.6,88,24.76
431,Ban Phai,TH,2023-03-30 19:02:51,16.06,102.731,87.12,52,7.05
432,Pedernales,DO,2023-03-30 19:02:52,18.0384,-71.744,84.58,54,8.16
433,Pasinler,TR,2023-03-30 19:02:52,39.9803,41.6764,25.79,85,4.32
434,Hof,DE,2023-03-30 19:02:52,50.3167,11.9167,47.73,88,11.5
435,Flinders,AU,2023-03-30 19:02:52,-34.5833,150.8552,57.38,71,1.99
436,Starozhilovo,RU,2023-03-30 19:02:52,54.2254,39.916,39.58,90,11.72
437,Nara,JP,2023-03-30 19:02:52,34.6851,135.8049,55.49,30,2.62
438,Karasjok,NO,2023-03-30 19:02:52,69.4719,25.5112,17.87,95,9.69
439,San Lorenzo,PY,2023-03-30 19:02:53,-25.3333,-57.5333,93.65,43,8.12
440,Cururupu,BR,2023-03-30 18:58:29,-1.8283,-44.8683,81.1,87,4.63
441,Wajir,KE,2023-03-30 19:02:53,1.7471,40.0573,90.9,37,4.05
442,Grand Forks,US,2023-03-30 19:00:18,47.9417,-97.4337,21.78,63,6.91
443,Jeremoabo,BR,2023-03-30 19:02:53,-10.075,-38.4808,87.91,40,11.5
444,Kasongo-Lunda,CD,2023-03-30 19:02:53,-6.4667,16.8167,70.72,98,0.98
445,Cocorit,MX,2023-03-30 19:02:53,27.5833,-109.9667,84.36,13,7.67
446,Midleton,IE,2023-03-30 19:02:54,51.9153,-8.1805,49.78,97,20.6
447,Ellisras,ZA,2023-03-30 19:02:54,-23.6649,27.7443,72.18,47,5.77
448,Lehigh Acres,US,2023-03-30 19:02:54,26.6254,-81.6248,89.01,54,14.97
449,Henties Bay,NA,2023-03-30 19:02:54,-22.116,14.2845,59.29,92,6.55
450,Tateyama,JP,2023-03-30 19:02:54,34.9833,139.8667,59.09,76,6.4
451,Lensk,RU,2023-03-30 19:02:58,60.7253,114.9278,15.58,84,4.94
452,Caala,AO,2023-03-30 19:02:58,-12.8525,15.5606,65.73,94,3.2
453,Naryan-Mar,RU,2023-03-30 19:02:59,67.6713,53.087,29.48,89,19.71
454,Belmonte,BR,2023-03-30 19:02:59,-15.8631,-38.8828,82.58,59,8.59
455,Hindupur,IN,2023-03-30 19:02:59,13.8289,77.4933,80.6,51,8.9
456,Manggar,ID,2023-03-30 19:02:59,-2.8833,108.2667,74.62,91,16.15
457,Conceicao Da Barra,BR,2023-03-30 19:02:59,-18.5933,-39.7322,82.83,65,9.55
458,Sulangan,PH,2023-03-30 19:03:01,11.1373,123.7228,80.94,77,10.78
459,Alice Springs,AU,2023-03-30 19:03:01,-23.7,133.8833,63.95,94,6.91
460,Senneterre,CA,2023-03-30 19:03:01,48.3835,-77.2328,25.0,79,10.42
461,Korla,CN,2023-03-30 19:03:03,41.7597,86.1469,59.02,27,6.44
462,Urumqi,CN,2023-03-30 18:53:50,43.801,87.6005,50.95,32,2.24
463,Catamarca,AR,2023-03-30 19:01:11,-28.4696,-65.7852,89.78,49,8.01
464,Bethel,US,2023-03-30 18:59:38,41.3712,-73.414,45.03,31,8.05
465,Lianyuan,CN,2023-03-30 19:03:04,27.6883,111.6642,57.42,87,1.16
466,Kununurra,AU,2023-03-30 19:02:34,-15.7667,128.7333,75.18,83,0.0
467,El Salto,MX,2023-03-30 19:02:44,20.3333,-104.5,83.5,14,6.06
468,Ust-Tarka,RU,2023-03-30 19:03:05,55.5672,75.705,14.47,90,6.58
469,Iquique,CL,2023-03-30 19:03:01,-20.2208,-70.1431,78.84,76,8.32
470,Coruripe,BR,2023-03-30 19:03:06,-10.1256,-36.1756,82.13,66,8.32
471,Tooele,US,2023-03-30 19:00:08,40.5308,-112.2983,33.87,79,10.36
472,Ambon,ID,2023-03-30 19:03:06,-3.6954,128.1814,77.14,88,6.91
473,Kungurtug,RU,2023-03-30 19:03:07,50.5994,97.5228,29.86,94,5.59
474,Aksha,RU,2023-03-30 19:03:08,50.2814,113.2867,38.79,56,3.8
475,Sinnamary,GF,2023-03-30 19:01:16,5.3833,-52.95,81.91,70,10.47
476,Lompoc,US,2023-03-30 19:01:31,34.6391,-120.4579,58.84,69,13.8
477,Chimbote,PE,2023-03-30 19:03:09,-9.0853,-78.5783,82.74,66,11.68
478,Touros,BR,2023-03-30 19:03:09,-5.1989,-35.4608,82.87,70,13.15
479,Bairiki,KI,2023-03-30 19:03:09,1.3292,172.9752,80.6,83,4.61
480,Staryy Nadym,RU,2023-03-30 19:03:10,65.6118,72.6842,-9.31,100,3.24
481,Mujiayingzi,CN,2023-03-30 19:03:10,42.1167,118.7833,49.69,32,7.87
482,Chenzhou,CN,2023-03-30 19:03:10,25.8,113.0333,57.31,93,1.5
483,Port Blair,IN,2023-03-30 19:03:11,11.6667,92.75,80.64,89,2.3
484,Svetlaya,RU,2023-03-30 19:03:11,46.5389,138.3297,35.29,63,7.09
485,Morehead,US,2023-03-30 19:03:11,37.2711,-87.1764,67.86,28,8.05
486,Jakar,BT,2023-03-30 19:03:12,27.5492,90.7525,41.29,95,0.58
487,San Policarpo,PH,2023-03-30 19:03:12,12.1791,125.5072,79.18,83,5.44
488,Taseyevo,RU,2023-03-30 19:03:12,57.2169,94.8978,14.5,90,9.44
489,Buzmeyin,TM,2023-03-30 19:03:12,38.0507,58.2056,71.33,33,2.3
490,Northam,GB,2023-03-30 18:59:59,51.0333,-4.2167,52.61,92,21.61
491,Yashan,CN,2023-03-30 19:03:13,22.1975,109.9419,65.93,95,3.42
492,Vanimo,PG,2023-03-30 19:03:14,-2.6741,141.3028,77.13,87,4.21
493,Port Hardy,CA,2023-03-30 18:53:48,50.6996,-127.4199,42.98,65,3.44
494,Saint-Joseph,RE,2023-03-30 19:03:14,-21.3667,55.6167,77.38,86,9.8
495,Bodden Town,KY,2023-03-30 19:03:15,19.2833,-81.25,86.0,62,16.11
496,Agua Verde,MX,2023-03-30 19:03:15,22.9,-106.05,82.49,48,8.08
497,Guaraniacu,BR,2023-03-30 19:01:36,-25.1008,-52.8781,76.14,79,2.95
498,Ambunti,PG,2023-03-30 19:03:16,-4.2365,142.8448,73.85,99,1.59
499,Asau,RO,2023-03-30 18:53:52,46.4333,26.4,43.72,62,6.26
500,Qui Nhon,VN,2023-03-30 19:03:16,13.7667,109.2333,74.91,90,3.56
501,Umm Kaddadah,SD,2023-03-30 19:03:16,13.6017,26.6876,79.52,10,15.88
502,Plettenberg Bay,ZA,2023-03-30 19:03:17,-34.0527,23.3716,59.2,90,4.68
503,Jambi,ID,2023-03-30 19:03:17,-1.6,103.6167,72.43,97,1.52
504,Vaitape,PF,2023-03-30 19:03:18,-16.5167,-151.75,81.79,74,10.2
505,Chebsara,RU,2023-03-30 19:03:18,59.2002,38.8356,29.53,88,6.35
506,Yarmouth,US,2023-03-30 19:03:18,41.7057,-70.2286,44.65,42,18.99
507,Brookings,US,2023-03-30 19:03:19,44.3114,-96.7984,35.19,74,17.27
508,Godfrey,US,2023-03-30 19:03:19,38.9556,-90.1868,67.78,34,19.57
509,Canberra,AU,2023-03-30 19:00:02,-35.2835,149.1281,48.51,88,5.99
510,Serenje,ZM,2023-03-30 19:03:19,-13.2325,30.2352,62.89,97,4.76
511,Okahandja,NA,2023-03-30 19:03:20,-21.9833,16.9167,67.5,18,9.35
512,Vila Velha,BR,2023-03-30 19:03:24,-20.3297,-40.2925,88.95,64,16.11
513,Ulaanbaatar,MN,2023-03-30 19:03:08,47.9077,106.8832,33.93,29,2.24
514,Marsh Harbour,BS,2023-03-30 19:03:26,26.5412,-77.0636,73.83,68,18.05
515,Zhigansk,RU,2023-03-30 19:03:26,66.7697,123.3711,0.07,83,24.14
516,Tigil,RU,2023-03-30 19:03:26,57.8,158.6667,7.77,95,4.97
517,Weatherford,US,2023-03-30 19:03:26,32.7593,-97.7972,66.76,92,1.01
518,Road Town,VG,2023-03-30 19:03:08,18.4167,-64.6167,84.24,58,10.36
519,Puerto Del Rosario,ES,2023-03-30 19:03:27,28.5004,-13.8627,74.95,53,16.11
520,Worland,US,2023-03-30 19:03:28,44.0169,-107.9554,38.68,75,8.05
521,Hokitika,NZ,2023-03-30 18:57:44,-42.7167,170.9667,49.91,74,5.21
522,Immenstadt,DE,2023-03-30 19:03:28,47.561,10.2199,48.88,91,1.01
523,Ostrovnoy,RU,2023-03-30 19:03:29,68.0531,39.5131,20.53,87,17.76
524,Leshukonskoye,RU,2023-03-30 19:03:29,64.8989,45.7622,33.24,99,8.21
525,Grafton,US,2023-03-30 19:00:19,42.207,-71.6856,42.19,26,17.27
526,Santiago,CL,2023-03-30 19:02:52,-33.4569,-70.6483,90.28,19,17.27
527,Buluang,PH,2023-03-30 19:03:31,13.3068,123.3425,74.19,94,3.24
528,Ormara,PK,2023-03-30 19:02:11,25.2088,64.6357,76.93,76,13.76
529,Krasnogvardeyskiy,RU,2023-03-30 19:03:31,57.3793,62.3195,24.15,91,6.13
530,North Platte,US,2023-03-30 19:00:58,41.1239,-100.7654,50.38,56,1.01
531,Bolobo,CD,2023-03-30 19:03:31,-2.1667,16.2333,70.63,98,3.8
532,Sisimiut,GL,2023-03-30 19:03:32,66.9395,-53.6735,13.1,73,7.2
533,Bom Conselho,BR,2023-03-30 19:03:32,-9.1697,-36.6797,80.8,44,15.77
534,Salaga,GH,2023-03-30 19:03:32,8.5508,-0.5188,93.11,30,3.85
535,Bonfim,BR,2023-03-30 19:03:32,3.0833,-59.95,89.55,44,5.75
536,Khilok,RU,2023-03-30 19:03:33,51.3674,110.4676,31.96,84,4.94
537,Leh,IN,2023-03-30 19:03:33,34.1667,77.5833,21.18,67,1.28
538,Antofagasta,CL,2023-03-30 19:03:34,-23.65,-70.4,72.68,71,8.5
539,Qaqortoq,GL,2023-03-30 19:03:34,60.7167,-46.0333,23.88,69,2.48
540,Ornskoldsvik,SE,2023-03-30 19:03:35,63.2909,18.7153,14.95,79,6.91
541,Faanui,PF,2023-03-30 19:03:36,-16.4833,-151.75,81.79,74,10.02
542,Kontagora,NG,2023-03-30 19:03:37,10.3999,5.4695,88.39,18,1.59
543,Kongoussi,BF,2023-03-30 19:03:37,13.3258,-1.5347,91.67,6,8.52
544,Fengxian,CN,2023-03-30 19:03:37,34.7039,116.5872,49.33,77,6.44
545,Rehoboth,NA,2023-03-30 19:03:38,-23.3167,17.0833,65.93,11,11.36
546,Ponta Delgada,PT,2023-03-30 19:03:38,37.7333,-25.6667,63.32,94,10.36
547,Cerritos,US,2023-03-30 19:00:46,33.8583,-118.0648,59.27,65,5.75
548,Halifax,CA,2023-03-30 19:03:38,44.6453,-63.5724,39.34,84,20.71
549,Cooma,AU,2023-03-30 19:03:38,-36.2333,149.1333,42.71,94,5.06
550,Lowestoft,GB,2023-03-30 19:03:39,52.4752,1.7516,55.65,90,14.65
551,Gobabis,NA,2023-03-30 19:03:39,-22.45,18.9667,75.11,18,5.86
552,Vestmanna,FO,2023-03-30 19:03:39,62.1564,-7.1664,43.72,100,16.11
553,Sibolga,ID,2023-03-30 19:03:39,1.7427,98.7792,74.73,85,3.83
554,Isangel,VU,2023-03-30 19:03:40,-19.55,169.2667,76.66,84,4.14
555,Santa Cruz Cabralia,BR,2023-03-30 19:03:40,-16.2781,-39.0247,82.63,69,10.36
556,Petauke,ZM,2023-03-30 19:03:40,-14.2426,31.3253,64.85,97,4.5
557,Saint-Leu,RE,2023-03-30 19:03:40,-21.15,55.2833,79.63,96,3.2
558,Igrim,RU,2023-03-30 19:03:41,63.1906,64.4162,18.1,91,6.93
559,Melfort,CA,2023-03-30 19:03:41,52.8667,-104.6177,21.33,63,9.22
560,Luanda,AO,2023-03-30 19:03:41,-8.8368,13.2343,80.6,83,6.91
561,Codrington,AU,2023-03-30 19:03:41,-38.2667,141.9667,56.3,77,8.21
562,Sur,OM,2023-03-30 18:56:29,22.5667,59.5289,77.25,52,5.21
