City_ID,City,Country,Date,Lat,Lng,Max Temp,Humidity,Cloudiness,Wind Speed
0,Hualmay,PE,2023-04-04 21:19:12,-11.0964,-77.6139,80.42,74,77,9.51
1,Qaanaaq,GL,2023-04-04 21:19:12,77.484,-69.3632,-14.24,81,0,1.43
2,Nikolskoye,RU,2023-04-04 21:19:12,59.7035,30.7861,33.69,99,100,4.09
3,Jamestown,US,2023-04-04 21:16:40,42.097,-79.2353,58.64,67,75,10.36
4,San Andres,CO,2023-04-04 21:19:13,12.5847,-81.7006,84.22,70,40,13.8
5,Manica,FR,2023-04-04 21:19:13,49.0,-1.1667,35.89,89,7,3.44
6,Upernavik,GL,2023-04-04 21:18:09,72.7868,-56.1549,-16.06,95,52,5.59
7,Acajutla,SV,2023-04-04 21:19:13,13.5928,-89.8275,87.78,54,6,10.31
8,Bredasdorp,ZA,2023-04-04 21:17:10,-34.5322,20.0403,61.7,89,7,4.5
9,Georgetown,MY,2023-04-04 21:16:48,5.4112,100.3354,80.55,83,20,1.14
10,Coihaique,CL,2023-04-04 21:17:16,-45.5752,-72.0662,61.41,88,75,5.75
11,Dikson,RU,2023-04-04 21:16:37,73.5069,80.5464,0.79,93,100,15.79
12,Punta Arenas,CL,2023-04-04 21:19:14,-53.15,-70.9167,55.51,44,0,3.44
13,Ushuaia,AR,2023-04-04 21:19:15,-54.8,-68.3,53.26,40,75,8.05
14,Cabo San Lucas,MX,2023-04-04 21:19:15,22.8909,-109.9124,84.61,41,0,11.5
15,Mantua,IT,2023-04-04 21:19:15,45.1667,10.7833,43.84,65,19,1.01
16,Baluseni,RO,2023-04-04 21:19:15,47.6667,26.8,35.62,95,100,15.23
17,Makurdi,NG,2023-04-04 21:19:15,7.7411,8.5121,90.28,40,99,4.81
18,Atuona,PF,2023-04-04 21:19:15,-9.8,-139.0333,80.4,72,10,13.47
19,Barrow,US,2023-04-04 21:19:16,71.2906,-156.7887,-7.58,77,75,11.5
20,Bambous Virieux,MU,2023-04-04 21:19:16,-20.3428,57.7575,75.45,88,40,1.14
21,Keetmanshoop,NA,2023-04-04 21:19:16,-26.5833,18.1333,74.57,15,0,9.86
22,College,US,2023-04-04 21:19:16,64.8569,-147.8028,37.72,60,75,3.44
23,Hermanus,ZA,2023-04-04 21:19:16,-34.4187,19.2345,57.79,78,4,7.65
24,Honningsvag,NO,2023-04-04 21:19:17,70.9821,25.9704,33.55,75,75,11.5
25,Butaritari,KI,2023-04-04 21:19:17,3.0707,172.7902,81.84,81,84,16.58
26,Eucaliptus,BO,2023-04-04 21:19:17,-17.5833,-67.5167,61.38,37,57,12.55
27,New Norfolk,AU,2023-04-04 21:19:17,-42.7826,147.0587,49.71,83,59,2.08
28,Shelburne,CA,2023-04-04 21:19:17,44.0787,-80.2041,48.99,89,100,12.39
29,Rikitea,PF,2023-04-04 21:19:17,-23.1203,-134.9692,79.25,80,82,12.64
30,Maragogi,BR,2023-04-04 21:19:18,-9.0122,-35.2225,77.61,84,98,7.23
31,Mataura,NZ,2023-04-04 21:19:18,-46.1927,168.8643,58.48,78,84,4.43
32,Pulandian,CN,2023-04-04 21:19:18,39.3953,121.9669,49.84,85,100,20.56
33,Kargil,IN,2023-04-04 21:19:18,34.5667,76.1,14.74,72,8,4.27
34,Banjar,ID,2023-04-04 21:19:18,-8.19,114.9675,76.1,85,100,4.83
35,Severo-Kurilsk,RU,2023-04-04 21:19:19,50.6789,156.125,34.14,87,100,12.75
36,Bluff,NZ,2023-04-04 21:19:19,-46.6,168.3333,58.8,78,25,17.85
37,Saint-Philippe,RE,2023-04-04 21:17:53,-21.3585,55.7679,76.59,81,36,2.46
38,Havoysund,NO,2023-04-04 21:19:21,70.9963,24.6622,34.03,97,100,2.04
39,Saint George,US,2023-04-04 21:19:21,37.1041,-113.5841,44.44,42,75,11.5
40,Turukhansk,RU,2023-04-04 21:19:21,65.8167,87.9833,15.69,95,100,13.71
41,Kodinsk,RU,2023-04-04 21:19:21,58.6881,99.1844,12.92,89,36,8.57
42,Duarte,US,2023-04-04 21:19:23,34.1394,-117.9773,67.3,22,0,6.91
43,Skovorodino,RU,2023-04-04 21:19:23,53.9833,123.9167,5.58,99,92,1.03
44,Banyo,CM,2023-04-04 21:19:23,6.75,11.8167,72.05,63,100,1.28
45,Cidreira,BR,2023-04-04 21:19:23,-30.1811,-50.2056,71.82,80,100,9.53
46,Umaria,IN,2023-04-04 21:19:23,23.5333,80.8333,75.63,39,41,1.28
47,Bonito,BR,2023-04-04 21:19:24,-21.1211,-56.4819,80.71,64,89,2.59
48,Ixtapa,MX,2023-04-04 21:19:24,20.7,-105.2,76.23,69,100,8.05
49,Takoradi,GH,2023-04-04 21:19:24,4.8845,-1.7554,80.76,83,86,6.87
50,Pevek,RU,2023-04-04 21:19:24,69.7008,170.3133,-9.15,82,13,5.61
51,Vinh,VN,2023-04-04 21:19:24,18.6667,105.6667,77.54,54,82,2.73
52,Grindavik,IS,2023-04-04 21:19:25,63.8424,-22.4338,44.55,100,100,12.66
53,Busselton,AU,2023-04-04 21:19:25,-33.65,115.3333,58.6,76,32,8.84
54,Ilulissat,GL,2023-04-04 21:19:25,69.2167,-51.1,14.02,62,20,12.66
55,Atambua,ID,2023-04-04 21:19:25,-9.1061,124.8925,71.65,88,97,3.65
56,Cape Town,ZA,2023-04-04 21:16:51,-33.9258,18.4232,65.91,85,0,11.5
57,Albany,US,2023-04-04 21:19:24,42.6001,-73.9662,58.64,66,100,3.0
58,Tiksi,RU,2023-04-04 21:19:26,71.6872,128.8694,-0.35,97,100,13.73
59,Mayo,US,2023-04-04 21:18:50,38.8876,-76.5119,85.12,64,0,17.27
60,Carmen,MX,2023-04-04 21:19:26,18.6333,-91.8333,93.24,46,0,9.22
61,Bengkulu,ID,2023-04-04 21:19:26,-3.8004,102.2655,73.99,91,100,4.21
62,Tasiilaq,GL,2023-04-04 21:19:26,65.6145,-37.6368,26.76,93,100,8.46
63,Kavieng,PG,2023-04-04 21:19:26,-2.5744,150.7967,81.1,77,100,4.38
64,Torbay,CA,2023-04-04 21:19:27,47.6666,-52.7314,38.57,82,75,14.97
65,Robertsport,LR,2023-04-04 21:19:27,6.7533,-11.3686,80.8,84,37,10.65
66,Kruisfontein,ZA,2023-04-04 21:19:27,-34.0033,24.7314,57.88,93,38,2.73
67,Los Llanos De Aridane,ES,2023-04-04 21:19:27,28.6585,-17.9182,62.35,69,0,8.05
68,Castro,BR,2023-04-04 21:19:27,-24.7911,-50.0119,70.77,64,47,1.03
69,Mende,FR,2023-04-04 21:19:28,44.6667,3.5,24.94,82,0,4.81
70,Salinopolis,BR,2023-04-04 21:19:28,-0.6136,-47.3561,78.48,84,45,8.46
71,Ponta Do Sol,PT,2023-04-04 21:19:28,32.6667,-17.1,65.71,73,48,10.22
72,Hilo,US,2023-04-04 21:19:15,19.7297,-155.09,81.28,80,100,8.01
73,Carnarvon,AU,2023-04-04 21:19:28,-24.8667,113.6333,71.91,71,2,17.54
74,Kapaa,US,2023-04-04 21:19:28,22.0752,-159.319,78.78,83,75,16.11
75,Cherskiy,RU,2023-04-04 21:19:28,68.75,161.3,1.31,71,94,5.39
76,Broome,US,2023-04-04 21:19:29,42.2506,-75.833,70.16,58,100,11.5
77,La Ronge,CA,2023-04-04 21:19:29,55.1001,-105.2842,32.25,27,20,6.91
78,Revda,RU,2023-04-04 21:19:29,56.801,59.9303,40.33,81,100,2.84
79,Lorengau,PG,2023-04-04 21:19:29,-2.0226,147.2712,80.51,77,96,1.19
80,Longyearbyen,SJ,2023-04-04 21:19:30,78.2186,15.6401,1.24,60,75,11.5
81,Corn Island,NI,2023-04-04 21:19:30,12.1694,-83.0418,79.86,80,6,15.97
82,Parrita,CR,2023-04-04 21:19:31,9.5201,-84.3225,87.24,65,10,7.07
83,Acapulco,MX,2023-04-04 21:19:31,16.8634,-99.8901,87.62,62,20,17.27
84,Port Lincoln,AU,2023-04-04 21:19:31,-34.7333,135.8667,67.17,54,57,7.0
85,Labuhan,ID,2023-04-04 21:19:31,-6.8844,112.2051,76.71,86,95,5.61
86,Skalat,UA,2023-04-04 21:19:31,49.4273,25.9787,32.23,82,100,8.41
87,Mahebourg,MU,2023-04-04 21:19:31,-20.4081,57.7,75.49,88,40,1.14
88,Hithadhoo,MV,2023-04-04 21:19:32,-0.6,73.0833,82.31,72,41,6.31
89,Mar Del Plata,AR,2023-04-04 21:19:32,-38.0023,-57.5575,62.62,74,20,5.75
90,Hobart,AU,2023-04-04 21:19:33,-42.8794,147.3294,50.05,91,40,5.75
91,Chokurdakh,RU,2023-04-04 21:19:33,70.6333,147.9167,5.81,88,100,8.1
92,Hamilton,US,2023-04-04 21:18:17,39.1834,-84.5333,74.93,75,20,10.36
93,Kaitangata,NZ,2023-04-04 21:19:34,-46.2817,169.8464,54.93,93,99,6.08
94,Narsaq,GL,2023-04-04 21:19:34,60.9167,-46.05,39.42,88,97,1.52
95,Yulara,AU,2023-04-04 21:19:34,-25.2406,130.9889,70.68,79,31,4.72
96,Dobsina,SK,2023-04-04 21:19:34,48.8207,20.3699,28.85,79,81,8.75
97,Grand Gaube,MU,2023-04-04 21:19:35,-20.0064,57.6608,75.6,73,100,5.01
98,Fortuna,US,2023-04-04 21:19:35,40.5982,-124.1573,53.92,63,85,5.01
99,Thinadhoo,MV,2023-04-04 21:19:35,0.5333,72.9333,82.0,72,94,4.07
100,Cervo,ES,2023-04-04 21:19:33,43.6702,-7.4101,51.96,81,9,15.66
101,Poretskoye,RU,2023-04-04 21:19:36,55.1974,46.3291,48.72,76,51,3.67
102,Gushikawa,JP,2023-04-04 21:19:36,26.3544,127.8686,69.03,73,75,11.5
103,Yellowknife,CA,2023-04-04 21:15:21,62.456,-114.3525,17.91,85,66,8.19
104,Rincon,US,2023-04-04 21:19:36,32.296,-81.2354,84.9,58,40,5.75
105,Pizarro,CO,2023-04-04 21:19:37,4.9533,-77.366,83.12,74,100,5.55
106,Victoria,HK,2023-04-04 21:19:18,22.2855,114.1577,77.05,93,15,1.01
107,Gien,FR,2023-04-04 21:19:37,47.6933,2.6309,40.55,78,0,6.4
108,Kobelyaky,UA,2023-04-04 21:19:37,49.1489,34.1965,50.65,73,100,10.22
109,Samana,DO,2023-04-04 21:19:38,19.2056,-69.3369,88.02,55,20,10.36
110,Dalvik,IS,2023-04-04 21:19:38,65.9702,-18.5286,35.53,98,99,2.84
111,Genhe,CN,2023-04-04 21:19:38,50.7833,121.5167,20.79,67,3,3.83
112,Iqaluit,CA,2023-04-04 21:19:38,63.7506,-68.5145,-0.67,71,75,17.27
113,Safaga,EG,2023-04-04 21:19:38,26.7292,33.9365,77.58,29,61,5.73
114,Williams Lake,CA,2023-04-04 21:15:21,52.1415,-122.1445,39.13,70,71,1.74
115,Phibun Mangsahan,TH,2023-04-04 21:19:39,15.2447,105.2291,84.18,51,37,9.22
116,Saint-Pierre,RE,2023-04-04 21:19:39,-21.3393,55.4781,76.68,73,0,8.05
117,High Rock,BS,2023-04-04 21:19:39,26.6208,-78.2833,78.17,68,1,9.22
118,Sageata,RO,2023-04-04 21:19:39,45.1,26.9833,39.47,76,100,19.86
119,Abu Kamal,SY,2023-04-04 21:19:40,34.4506,40.9171,71.51,30,90,19.64
120,Thompson,CA,2023-04-04 21:19:40,55.7435,-97.8558,28.56,24,20,6.91
121,Viedma,AR,2023-04-04 21:19:40,-40.8135,-62.9967,72.63,34,69,17.69
122,Port Alfred,ZA,2023-04-04 21:19:40,-33.5906,26.891,65.52,84,4,5.17
123,Tuktoyaktuk,CA,2023-04-04 21:19:41,69.4541,-133.0374,14.0,73,100,8.05
124,Sinnar,SD,2023-04-04 21:19:41,13.5691,33.5672,89.15,13,19,12.35
125,Limpapa,PH,2023-04-04 21:19:41,7.1197,121.9106,70.93,81,100,2.66
126,San Cristobal,VE,2023-04-04 21:19:02,7.7669,-72.225,78.98,52,37,4.03
127,Sechura,PE,2023-04-04 21:19:41,-5.5569,-80.8222,82.18,70,100,5.35
128,Hovd,MN,2023-04-04 21:19:41,48.0056,91.6419,23.85,30,7,0.89
129,Saint-Augustin,CA,2023-04-04 21:19:42,51.226,-58.6502,34.05,82,95,10.8
130,Vaini,TO,2023-04-04 21:19:42,-21.2,-175.2,82.56,74,40,6.91
131,Banda Aceh,ID,2023-04-04 21:19:42,5.5577,95.3222,78.57,76,18,1.74
132,Salekhard,RU,2023-04-04 21:19:44,66.53,66.6019,6.49,96,88,8.08
133,Kostino,RU,2023-04-04 21:19:44,58.9097,53.2691,36.88,96,100,3.69
134,Caravelas,BR,2023-04-04 21:19:44,-17.7125,-39.2481,77.54,78,98,7.63
135,Hokitika,NZ,2023-04-04 21:19:44,-42.7167,170.9667,56.61,82,99,3.24
136,Kargasok,RU,2023-04-04 21:19:45,59.0556,80.8572,16.0,88,10,5.84
137,Euclides Da Cunha,BR,2023-04-04 21:19:45,-10.5075,-39.0158,76.73,67,99,7.52
138,Lakes Entrance,AU,2023-04-04 21:19:45,-37.8811,147.981,56.79,88,49,6.76
139,Kidal,ML,2023-04-04 21:19:45,18.4411,1.4078,85.86,6,33,5.68
140,Deputatskiy,RU,2023-04-04 21:19:45,69.3,139.9,5.04,97,100,3.71
141,Itaberai,BR,2023-04-04 21:19:46,-16.0203,-49.8103,70.9,82,2,1.5
142,Kiri Buru,IN,2023-04-04 21:19:46,22.0833,85.35,75.63,43,2,3.8
143,Mareeba,AU,2023-04-04 21:19:46,-17.0,145.4333,73.44,94,100,1.9
144,Yeniseysk,RU,2023-04-04 21:19:46,58.4497,92.1703,11.52,91,6,5.82
145,Lompoc,US,2023-04-04 21:19:46,34.6391,-120.4579,63.7,55,40,23.02
146,Lebu,CL,2023-04-04 21:19:47,-37.6167,-73.65,59.07,69,98,8.55
147,Zhigansk,RU,2023-04-04 21:19:47,66.7697,123.3711,-6.05,96,100,23.51
148,Airai,TL,2023-04-04 21:19:47,-8.9266,125.4092,58.41,92,98,2.35
149,Haines Junction,CA,2023-04-04 21:19:47,60.7522,-137.5108,35.55,32,100,0.0
150,Bathsheba,BB,2023-04-04 21:19:47,13.2167,-59.5167,83.01,61,20,20.71
151,Bandarbeyla,SO,2023-04-04 21:19:47,9.4942,50.8122,80.78,64,3,10.13
152,Puerto Ayora,EC,2023-04-04 21:19:48,-0.7393,-90.3518,85.96,86,80,5.99
153,Aripuana,BR,2023-04-04 21:19:31,-9.1667,-60.6333,77.38,96,99,2.62
154,Necochea,AR,2023-04-04 21:19:48,-38.5473,-58.7368,61.41,62,0,11.92
155,Aswan,EG,2023-04-04 21:19:48,24.0934,32.907,79.34,8,81,9.08
156,Arraial Do Cabo,BR,2023-04-04 21:19:49,-22.9661,-42.0278,76.86,78,0,11.5
157,Pietarsaari,FI,2023-04-04 21:19:49,63.65,22.6833,24.01,87,68,2.77
158,Ruteng,ID,2023-04-04 21:19:49,-8.6136,120.4721,60.37,90,100,1.52
159,Namatanai,PG,2023-04-04 21:17:44,-3.6667,152.4333,79.83,80,99,3.11
160,Goderich,CA,2023-04-04 21:16:14,43.7501,-81.7165,57.52,58,100,10.36
161,Maiduguri,NG,2023-04-04 21:19:49,11.8464,13.1603,87.01,8,100,8.43
162,Cedar City,US,2023-04-04 21:18:05,37.6775,-113.0619,29.37,37,0,4.61
163,Muros,ES,2023-04-04 21:19:50,42.7762,-9.0603,52.68,64,7,10.94
164,Bolzano,IT,2023-04-04 21:19:50,46.4927,11.3336,44.44,38,0,3.98
165,Naze,JP,2023-04-04 21:19:50,28.3667,129.4833,65.32,68,91,18.52
166,Hofn,IS,2023-04-04 21:19:50,64.2539,-15.2082,43.59,96,100,10.69
167,Deder,ET,2023-04-04 21:19:51,9.3167,41.45,57.27,84,42,4.54
168,Shubarkuduk,KZ,2023-04-04 21:19:51,49.1447,56.4872,47.37,44,24,7.85
169,Pisco,PE,2023-04-04 21:19:51,-13.7,-76.2167,82.45,65,0,14.97
170,Guerrero Negro,MX,2023-04-04 21:19:51,27.9769,-114.0611,64.18,40,16,16.96
171,Saint Anthony,US,2023-04-04 21:15:15,45.0205,-93.218,36.84,92,100,16.11
172,Pochutla,MX,2023-04-04 21:16:35,15.7432,-96.4661,94.82,47,100,11.95
173,Lagoa,PT,2023-04-04 21:19:52,39.05,-27.9833,58.84,70,40,12.08
174,Patiala,IN,2023-04-04 21:19:52,30.3267,76.4003,65.66,51,0,4.74
175,Port Elizabeth,ZA,2023-04-04 21:19:53,-33.918,25.5701,61.32,91,44,2.3
176,Tezu,IN,2023-04-04 21:19:10,27.9167,96.1667,63.54,84,100,4.92
177,Maniitsoq,GL,2023-04-04 21:17:48,65.4167,-52.9,29.14,59,9,10.58
178,Portadown,GB,2023-04-04 21:19:53,54.4241,-6.4412,49.82,92,100,12.97
179,Thunder Bay,CA,2023-04-04 21:19:36,48.4001,-89.3168,24.71,46,100,20.71
180,Warri,NG,2023-04-04 21:19:53,5.5167,5.75,79.3,81,100,4.41
181,Nouakchott,MR,2023-04-04 21:17:45,18.0858,-15.9785,78.73,41,22,18.97
182,Spornoye,RU,2023-04-04 21:19:54,50.8448,37.2913,47.26,81,94,4.94
183,Prince Rupert,CA,2023-04-04 21:15:15,54.3161,-130.3201,41.27,62,100,5.19
184,Yar-Sale,RU,2023-04-04 21:19:54,66.8333,70.8333,12.63,91,68,15.97
185,Kushmurun,KZ,2023-04-04 21:19:54,52.4503,64.6311,36.34,72,36,5.57
186,Tantoyuca,MX,2023-04-04 21:18:42,21.35,-98.2333,104.81,22,82,7.36
187,Provideniya,RU,2023-04-04 21:19:54,64.3833,-173.3,5.11,72,75,4.47
188,Luderitz,NA,2023-04-04 21:19:55,-26.6481,15.1594,73.9,39,0,10.31
189,Isangel,VU,2023-04-04 21:18:46,-19.55,169.2667,84.31,79,40,2.3
190,Srednekolymsk,RU,2023-04-04 21:19:55,67.45,153.6833,1.76,81,83,4.97
191,San Patricio,US,2023-04-04 21:18:47,28.017,-97.5169,86.09,62,100,20.33
192,Zhezkazgan,KZ,2023-04-04 21:19:55,47.8043,67.7144,35.58,41,40,13.42
193,Srandakan,ID,2023-04-04 21:19:55,-7.9386,110.2506,75.81,88,100,3.69
194,Aklavik,CA,2023-04-04 21:19:55,68.2191,-135.0107,21.34,82,100,1.99
195,Sandnessjoen,NO,2023-04-04 21:19:56,66.0217,12.6316,35.71,86,75,3.44
196,Clyde River,CA,2023-04-04 21:19:56,70.4692,-68.5914,-3.77,71,0,3.44
197,Oksfjord,NO,2023-04-04 21:19:57,70.2396,22.3479,35.78,99,100,3.24
198,Esperance,AU,2023-04-04 21:19:57,-33.8667,121.9,58.84,76,3,15.59
199,Ust-Nera,RU,2023-04-04 21:19:57,64.5667,143.2,11.71,95,100,4.18
200,Tromso,NO,2023-04-04 21:19:58,69.6496,18.957,35.62,87,75,11.5
201,Tura,IN,2023-04-04 21:19:58,25.5198,90.2201,68.13,84,56,4.45
202,Buzmeyin,TM,2023-04-04 21:19:58,38.0507,58.2056,49.73,71,18,4.61
203,Brae,GB,2023-04-04 21:19:58,60.3964,-1.353,43.79,91,60,18.28
204,Norman Wells,CA,2023-04-04 21:19:59,65.282,-126.8329,28.44,43,40,13.8
205,Margate,GB,2023-04-04 21:18:25,51.3813,1.3862,42.69,74,4,1.99
206,Menongue,AO,2023-04-04 21:19:59,-14.6585,17.691,62.37,87,87,5.03
207,Kodiak,US,2023-04-04 21:19:59,57.79,-152.4072,38.71,87,100,4.61
208,Bereda,ES,2023-04-04 21:19:59,43.2686,-7.5406,44.58,100,5,5.08
209,Balakhninskiy,RU,2023-04-04 21:20:00,58.0106,114.2769,1.44,100,92,1.54
210,Charters Towers,AU,2023-04-04 21:20:00,-20.1,146.2667,71.83,92,62,5.82
211,Mampong,GH,2023-04-04 21:20:00,7.0627,-1.4001,77.92,70,73,3.42
212,Olafsvik,IS,2023-04-04 21:20:00,64.8945,-23.7142,42.17,89,100,16.2
213,Dwarka,IN,2023-04-04 21:20:01,22.2394,68.9678,76.24,82,2,9.66
214,Chapais,CA,2023-04-04 21:17:40,49.7834,-74.8492,20.98,70,100,10.31
215,Yangjiang,CN,2023-04-04 21:20:01,21.85,111.9667,74.28,98,82,7.05
216,Kytmanovo,RU,2023-04-04 21:20:02,53.4593,85.4479,26.08,96,70,5.23
217,Southbridge,US,2023-04-04 21:20:02,42.0751,-72.0334,71.26,59,96,3.0
218,Calabozo,VE,2023-04-04 21:15:06,8.9242,-67.4293,98.83,22,2,7.99
219,Toamasina,MG,2023-04-04 21:20:02,-18.1667,49.3833,76.82,83,99,1.88
220,Polunochnoye,RU,2023-04-04 21:20:03,60.8697,60.4153,31.48,99,100,3.78
221,Ancud,CL,2023-04-04 21:20:03,-41.8697,-73.8203,59.22,75,97,3.78
222,Manbij,SY,2023-04-04 21:20:03,36.5281,37.9549,59.67,49,4,4.54
223,Vao,NC,2023-04-04 21:20:03,-22.6667,167.4833,78.58,83,93,15.5
224,Wewak,PG,2023-04-04 21:20:04,-3.5534,143.6268,76.77,89,94,6.02
225,East London,ZA,2023-04-04 21:20:04,-33.0153,27.9116,65.68,80,3,4.92
226,Ribeira Grande,PT,2023-04-04 21:20:04,38.5167,-28.7,56.77,74,25,5.01
227,Sibolga,ID,2023-04-04 21:20:05,1.7427,98.7792,75.81,89,99,1.16
228,Borzya,RU,2023-04-04 21:20:05,50.3833,116.5167,22.82,70,18,5.77
229,Ayan,RU,2023-04-04 21:20:06,56.45,138.1667,12.33,80,17,8.39
230,Moranbah,AU,2023-04-04 21:20:06,-22.0016,148.0466,72.05,79,2,4.25
231,Usakos,NA,2023-04-04 21:20:07,-22.0,15.6,75.96,31,61,0.2
232,La Palma,US,2023-04-04 21:20:07,33.8464,-118.0467,67.96,32,20,12.66
233,Merrill,US,2023-04-04 21:16:31,45.1805,-89.6835,35.37,95,100,19.57
234,Curuca,BR,2023-04-04 21:20:08,-0.7289,-47.8481,76.68,90,78,5.1
235,Ust-Kuyga,RU,2023-04-04 21:20:08,70.0167,135.6,12.56,95,100,5.44
236,Walvis Bay,NA,2023-04-04 21:20:08,-22.9575,14.5053,65.35,77,58,2.3
237,Shingu,JP,2023-04-04 21:19:08,33.7333,135.9833,54.5,75,100,3.49
238,Dmitrovsk-Orlovskiy,RU,2023-04-04 21:20:09,52.505,35.1464,46.71,82,99,6.89
239,Benguela,AO,2023-04-04 21:20:09,-12.5763,13.4055,79.97,83,100,3.67
240,Itapecerica,BR,2023-04-04 21:20:09,-20.4725,-45.1256,67.68,86,34,1.86
241,Dingle,PH,2023-04-04 21:20:09,10.9995,122.6711,73.71,84,100,6.29
242,Cabedelo,BR,2023-04-04 21:20:09,-6.9811,-34.8339,79.47,84,72,11.16
243,Dryden,CA,2023-04-04 21:15:14,49.7833,-92.7503,26.37,70,100,11.7
244,Faanui,PF,2023-04-04 21:20:10,-16.4833,-151.75,82.04,75,59,7.52
245,Muzhi,RU,2023-04-04 21:20:10,65.3667,64.6667,15.76,94,93,7.7
246,Klaksvik,FO,2023-04-04 21:20:10,62.2266,-6.589,47.32,96,100,32.21
247,Kyra,RU,2023-04-04 21:20:11,49.5776,111.9753,16.68,81,22,3.29
248,Bethel,US,2023-04-04 21:17:24,41.3712,-73.414,74.64,57,0,12.66
249,Seoul,KR,2023-04-04 21:18:13,37.5683,126.9778,54.97,94,100,12.66
250,Praia,CV,2023-04-04 21:20:11,14.9215,-23.5087,72.72,83,79,13.82
251,Bonga,ET,2023-04-04 21:20:12,7.2833,36.2333,61.9,91,93,2.84
252,Araouane,ML,2023-04-04 21:20:12,18.9048,-3.5265,81.97,4,52,9.86
253,Isiro,CD,2023-04-04 21:20:12,2.7739,27.616,69.37,67,82,3.42
254,Noumea,NC,2023-04-04 21:17:07,-22.2763,166.4572,81.0,99,100,5.03
255,Gornopravdinsk,RU,2023-04-04 21:20:13,60.05,69.9,30.11,92,100,6.78
256,Azatan,AM,2023-04-04 21:20:13,40.7196,43.8273,39.52,81,20,3.44
257,Baglung,NP,2023-04-04 21:20:13,28.2719,83.5898,57.45,59,25,6.13
258,Meulaboh,ID,2023-04-04 21:19:40,4.1363,96.1285,76.23,89,100,2.73
259,Kashi,CN,2023-04-04 21:20:15,39.4547,75.9797,42.01,20,40,8.95
260,Benghazi,LY,2023-04-04 21:20:15,32.1167,20.0667,61.3,67,0,11.86
261,Puerto Del Rosario,ES,2023-04-04 21:20:15,28.5004,-13.8627,65.95,55,40,16.11
262,Egvekinot,RU,2023-04-04 21:16:37,66.3167,-179.1667,-8.66,90,96,2.04
263,Fukagawa,JP,2023-04-04 21:20:16,43.7081,142.0392,40.8,78,100,1.9
264,Iranshahr,IR,2023-04-04 21:20:16,27.2025,60.6848,70.14,28,0,4.61
265,Ternate,ID,2023-04-04 21:20:16,0.8,127.4,79.65,83,100,14.29
266,Bundaberg,AU,2023-04-04 21:20:16,-24.85,152.35,71.22,95,2,1.99
267,Fayaoue,NC,2023-04-04 21:20:16,-20.65,166.5333,81.16,78,100,8.75
268,Salalah,OM,2023-04-04 21:20:17,17.0151,54.0924,82.49,54,0,2.3
269,Caucaia,BR,2023-04-04 21:20:17,-3.7361,-38.6531,80.55,83,75,3.44
270,Pervomayskoye,RU,2023-04-04 21:20:17,43.919,46.7102,45.25,76,7,11.86
271,Leh,IN,2023-04-04 21:20:18,34.1667,77.5833,18.48,88,97,4.32
272,Troina,IT,2023-04-04 21:20:18,37.7854,14.5985,35.91,89,2,3.65
273,Japura,ID,2023-04-04 21:20:18,-0.3167,102.35,73.17,99,77,1.7
274,Greensburg,US,2023-04-04 21:15:48,40.3015,-79.5389,77.25,53,0,8.05
275,Bonavista,CA,2023-04-04 21:20:19,48.6499,-53.1147,34.5,85,66,15.99
276,Shirokiy,RU,2023-04-04 21:20:19,49.758,129.523,27.68,46,0,6.71
277,Port Hardy,CA,2023-04-04 21:20:19,50.6996,-127.4199,44.78,70,40,9.22
278,Hurghada,EG,2023-04-04 21:20:19,27.2574,33.8129,73.9,24,30,6.46
279,Mufulira,ZM,2023-04-04 21:20:20,-12.5498,28.2407,61.29,97,64,3.62
280,Alofi,NU,2023-04-04 21:20:20,-19.0595,-169.9187,84.09,74,75,8.05
281,Sao Joao Da Barra,BR,2023-04-04 21:20:20,-21.6403,-41.0511,77.09,80,19,9.53
282,Indiaroba,BR,2023-04-04 21:20:20,-11.5192,-37.5117,76.78,83,34,4.65
283,Bentiu,SS,2023-04-04 21:20:20,9.2333,29.8333,86.76,16,55,4.07
284,Weiden,DE,2023-04-04 21:20:21,49.6775,12.1567,32.22,64,75,0.0
285,Cordele,US,2023-04-04 21:20:21,31.9635,-83.7824,85.44,62,100,8.05
286,Katsuura,JP,2023-04-04 21:20:22,35.1333,140.3,56.5,57,39,5.37
287,Shirvan,AZ,2023-04-04 21:20:22,39.9509,48.8994,51.49,78,9,5.88
288,Avarua,CK,2023-04-04 21:20:23,-21.2078,-159.775,80.65,69,75,4.61
289,Abu Samrah,SY,2023-04-04 21:20:23,35.3029,37.1841,60.91,38,3,9.73
290,Nigel,ZA,2023-04-04 21:20:23,-26.4314,28.4771,59.38,86,0,6.38
291,Solnechnyy,RU,2023-04-04 21:20:23,50.7214,136.6319,27.91,53,0,6.62
292,Khatanga,RU,2023-04-04 21:20:24,71.9667,102.5,-20.42,100,96,8.1
293,Itaituba,BR,2023-04-04 21:20:24,-4.2761,-55.9836,89.76,58,40,4.61
294,Dawei,MM,2023-04-04 21:20:24,14.0833,98.2,71.82,92,14,2.66
295,Hami,CN,2023-04-04 21:20:24,42.8,93.45,32.5,73,85,8.25
296,Baghmara,IN,2023-04-04 21:20:24,23.795,86.2085,81.57,28,24,8.14
297,Iquique,CL,2023-04-04 21:15:59,-20.2208,-70.1431,77.04,90,23,6.58
298,Faya,SA,2023-04-04 21:20:25,18.3851,42.4509,61.32,62,74,5.79
299,Nelson,NZ,2023-04-04 21:20:25,-41.2833,173.2833,59.29,88,7,1.01
300,La Victoria,VE,2023-04-04 21:20:26,10.2184,-67.3302,87.08,40,29,3.51
301,Bosaso,SO,2023-04-04 21:20:26,11.2842,49.1816,82.02,76,16,0.78
302,Mecca,SA,2023-04-04 21:20:26,21.4267,39.8261,79.72,35,97,2.35
303,Aksu,CN,2023-04-04 21:20:26,41.1231,80.2644,37.04,19,68,6.78
304,Dembi Dolo,ET,2023-04-04 21:20:27,8.5333,34.8,69.13,43,99,3.29
305,Tocopilla,CL,2023-04-04 21:20:27,-22.092,-70.1979,74.14,78,33,6.4
306,Karwar,IN,2023-04-04 21:20:27,14.8,74.1333,73.04,88,7,4.38
307,Tankara,IN,2023-04-04 21:20:27,22.6667,70.7333,76.08,77,2,9.31
308,Grand-Lahou,CI,2023-04-04 21:20:28,5.1367,-5.0242,80.02,88,18,6.24
309,Buraydah,SA,2023-04-04 21:20:28,26.326,43.975,68.45,15,62,10.42
310,Lander,US,2023-04-04 21:20:29,42.833,-108.7307,29.1,84,100,12.66
311,Port-De-Bouc,FR,2023-04-04 21:20:29,43.4,4.9833,52.02,56,0,13.8
312,Urumqi,CN,2023-04-04 21:17:07,43.801,87.6005,29.35,43,0,0.0
313,Atar,MR,2023-04-04 21:20:30,20.5169,-13.0499,81.18,10,76,7.38
314,Am Timan,TD,2023-04-04 21:19:22,11.0297,20.2827,90.41,14,100,3.58
315,Saskylakh,RU,2023-04-04 21:20:30,71.9167,114.0833,-38.43,100,26,4.21
316,Sitka,US,2023-04-04 21:20:30,57.0531,-135.33,42.69,56,100,10.36
317,Petropavlivka,UA,2023-04-04 21:20:31,48.4564,36.4367,52.05,73,100,11.41
318,Katherine,AU,2023-04-04 21:20:31,-14.4667,132.2667,73.72,83,100,4.61
319,Tacoaleche,MX,2023-04-04 21:20:31,22.8167,-102.4167,77.45,15,100,21.45
320,Atbasar,KZ,2023-04-04 21:20:31,51.8,68.3333,33.1,74,34,5.93
321,Ishinomaki,JP,2023-04-04 21:19:47,38.4167,141.3,50.13,71,89,3.71
322,Cileunyi,ID,2023-04-04 21:20:32,-6.9389,107.7528,67.48,93,86,1.9
323,Kantilo,IN,2023-04-04 21:20:32,20.35,85.1833,80.78,65,22,2.91
324,Hasaki,JP,2023-04-04 21:20:33,35.7333,140.8333,43.2,55,19,7.87
325,Sao Filipe,CV,2023-04-04 21:20:33,14.8961,-24.4956,74.48,76,76,6.91
326,Abu Dhabi,AE,2023-04-04 21:17:14,24.4667,54.3667,75.94,64,0,4.61
327,Lasa,IT,2023-04-04 21:20:34,46.6166,10.7002,38.28,84,26,4.18
328,The Valley,AI,2023-04-04 21:20:34,18.217,-63.0578,80.74,65,40,17.27
329,Kununurra,AU,2023-04-04 21:18:47,-15.7667,128.7333,75.18,94,91,12.66
330,Male,MV,2023-04-04 21:20:34,4.1748,73.5089,82.35,83,75,5.75
331,Nome,US,2023-04-04 21:20:35,64.5011,-165.4064,6.17,78,0,0.0
332,Baiao,BR,2023-04-04 21:20:35,-2.7906,-49.6717,76.19,96,66,2.75
333,Pitimbu,BR,2023-04-04 21:20:35,-7.4706,-34.8086,79.39,82,80,10.42
334,Poum,NC,2023-04-04 21:20:35,-20.2333,164.0167,80.96,80,74,12.19
335,Riyadh,SA,2023-04-04 21:16:14,24.6877,46.7219,64.54,17,71,6.08
336,Hearst,CA,2023-04-04 21:20:35,49.6835,-83.6665,23.25,79,100,8.86
337,Cayenne,GF,2023-04-04 21:19:29,4.9333,-52.3333,80.64,74,75,14.97
338,San Jose,US,2023-04-04 21:20:36,37.3394,-121.895,61.75,33,20,17.0
339,Sadovoye,RU,2023-04-04 21:20:36,47.7764,44.5089,58.1,59,98,1.68
340,Arlit,NE,2023-04-04 21:20:36,18.7369,7.3853,83.32,5,6,7.65
341,Kavaratti,IN,2023-04-04 21:20:36,10.5669,72.642,81.37,73,3,9.01
342,Chimbote,PE,2023-04-04 21:20:37,-9.0853,-78.5783,81.7,71,60,10.49
343,Tibati,CM,2023-04-04 21:20:37,6.4667,12.6333,70.97,75,60,3.67
344,Asbury Park,US,2023-04-04 21:20:37,40.2204,-74.0121,75.25,76,75,13.8
345,Tautira,PF,2023-04-04 21:20:37,-17.7333,-149.15,81.93,74,65,7.34
346,Port Hedland,AU,2023-04-04 21:20:38,-20.3167,118.5667,82.45,83,27,8.05
347,Yining,CN,2023-04-04 21:20:38,29.0361,114.5636,54.86,91,100,4.45
348,Mikhaylovka,RU,2023-04-04 21:20:38,50.06,43.2379,49.78,78,49,2.77
349,Tecali,MX,2023-04-04 21:20:38,18.9,-97.9667,81.03,20,61,12.86
350,Sambava,MG,2023-04-04 21:20:38,-14.2667,50.1667,76.03,89,63,6.13
351,Novokruchininskiy,RU,2023-04-04 21:20:38,51.7833,113.7667,28.13,68,100,8.55
352,Chuy,UY,2023-04-04 21:20:39,-33.6971,-53.4616,67.78,75,61,9.04
353,Ialibu,PG,2023-04-04 21:20:39,-6.2821,143.9935,54.81,96,100,3.24
354,Sile,TR,2023-04-04 21:20:39,41.1754,29.6133,54.27,76,97,1.99
355,Komsomolskiy,UZ,2023-04-04 21:20:39,40.4272,71.7189,52.52,82,40,4.61
356,Talnakh,RU,2023-04-04 21:20:39,69.4865,88.3972,11.21,98,100,12.41
357,Tombouctou,ML,2023-04-04 21:20:40,20.0,-3.0,81.79,5,53,9.64
358,Muscat,OM,2023-04-04 21:20:40,23.6139,58.5922,73.42,46,0,6.4
359,Miandoab,IR,2023-04-04 21:20:40,36.9694,46.1027,50.38,48,33,3.02
360,Bam,IR,2023-04-04 21:20:40,29.106,58.357,64.2,18,0,11.43
361,Weymouth,US,2023-04-04 21:17:33,42.2209,-70.9398,64.11,67,0,10.36
362,Qasigiannguit,GL,2023-04-04 21:20:40,68.8193,-51.1922,14.25,100,71,0.36
363,Sorong,ID,2023-04-04 21:20:40,-0.8833,131.25,79.88,81,100,7.49
364,Roebourne,AU,2023-04-04 21:20:41,-20.7833,117.1333,81.91,71,82,8.52
365,Mangai,CD,2023-04-04 21:20:41,-4.05,19.5333,70.47,99,92,2.44
366,Bontang,ID,2023-04-04 21:20:41,0.1333,117.5,76.75,89,100,2.91
367,Bouar,CF,2023-04-04 21:20:42,5.934,15.596,67.03,92,92,4.56
368,Ellisras,ZA,2023-04-04 21:20:42,-23.6649,27.7443,70.12,64,60,14.03
369,Kahului,US,2023-04-04 21:20:35,20.8947,-156.47,82.42,64,20,23.02
370,Pacific Grove,US,2023-04-04 21:20:42,36.6177,-121.9166,60.22,57,0,11.5
371,Snasa,NO,2023-04-04 21:20:42,64.2457,12.3778,35.01,93,71,4.56
372,Sangar,RU,2023-04-04 21:20:42,63.9242,127.4739,11.59,97,100,2.17
373,Mount Gambier,AU,2023-04-04 21:20:43,-37.8333,140.7667,50.45,96,41,4.85
374,Panaba,MX,2023-04-04 21:20:43,21.2833,-88.2667,96.22,25,19,19.55
375,Dejen,ET,2023-04-04 21:20:43,10.1667,38.1333,54.79,88,100,1.63
376,Touros,BR,2023-04-04 21:20:43,-5.1989,-35.4608,77.81,86,96,12.53
377,Outjo,NA,2023-04-04 21:20:43,-20.1167,16.15,69.8,51,24,5.28
378,Chicama,PE,2023-04-04 21:20:43,-7.8447,-79.1469,84.74,68,80,9.15
379,Husavik,IS,2023-04-04 21:20:44,66.0449,-17.3389,36.43,99,100,4.18
380,Vila Franca Do Campo,PT,2023-04-04 21:20:44,37.7167,-25.4333,57.61,83,93,7.02
381,Seminole,US,2023-04-04 21:20:44,28.7086,-81.2081,92.34,52,0,13.8
382,Nova Borova,UA,2023-04-04 21:20:44,50.693,28.6345,32.92,95,100,6.49
383,Kyzyl-Suu,KG,2023-04-04 21:20:44,42.3414,78.0056,41.31,39,100,9.08
384,Nanortalik,GL,2023-04-04 21:20:45,60.1432,-45.2371,32.02,93,100,4.0
385,Barranca,PE,2023-04-04 21:20:45,-10.75,-77.7667,80.15,71,91,8.75
386,Semey,KZ,2023-04-04 21:20:45,50.4111,80.2275,35.73,51,5,5.3
387,Hobyo,SO,2023-04-04 21:20:45,5.3505,48.5268,82.38,75,24,11.92
388,Mandal,IN,2023-04-04 21:20:45,25.45,74.5667,73.81,33,2,4.76
389,Aykhal,RU,2023-04-04 21:21:46,66.0,111.5,-22.34,100,100,12.17
390,Muisne,EC,2023-04-04 21:21:46,0.6,-80.0333,82.0,79,100,10.49
391,Ray,IN,2023-04-04 21:21:46,23.6833,85.05,75.97,34,9,6.46
392,Laguna,US,2023-04-04 21:21:46,38.421,-121.4238,60.31,33,0,16.11
393,Juneau,US,2023-04-04 21:21:47,58.3019,-134.4197,42.8,57,100,13.8
394,San Quintin,MX,2023-04-04 21:21:47,30.4833,-115.95,59.05,43,0,22.41
395,Bamiantong,CN,2023-04-04 21:21:47,44.9333,130.5333,40.19,29,100,2.33
396,Bin Qirdan,TN,2023-04-04 21:21:47,33.1378,11.2197,61.09,51,0,9.22
397,Roald,NO,2023-04-04 21:21:48,62.5833,6.1333,40.75,87,0,2.3
398,Honiara,SB,2023-04-04 21:21:48,-9.4333,159.95,81.14,79,29,3.87
399,Paamiut,GL,2023-04-04 21:21:48,61.994,-49.6678,31.05,92,96,10.16
400,Ambilobe,MG,2023-04-04 21:21:49,-13.2,49.05,73.54,95,81,2.71
401,Flin Flon,CA,2023-04-04 21:21:49,54.7682,-101.865,26.44,24,75,4.61
402,Masvingo,ZW,2023-04-04 21:21:49,-20.0637,30.8277,65.61,74,13,10.54
403,Micheweni,TZ,2023-04-04 21:21:49,-4.9667,39.8333,80.58,77,88,6.2
404,Nadvoitsy,RU,2023-04-04 21:21:49,63.8667,34.3167,6.04,100,76,3.02
405,Tessalit,ML,2023-04-04 21:17:41,20.1986,1.0114,82.35,6,1,4.25
406,Vestmannaeyjar,IS,2023-04-04 21:21:50,63.4427,-20.2734,43.61,87,100,8.39
407,Waipawa,NZ,2023-04-04 21:21:50,-41.4122,175.5153,54.34,65,8,4.99
408,Deniliquin,AU,2023-04-04 21:21:50,-35.5333,144.9667,62.13,62,13,4.88
409,Garowe,SO,2023-04-04 21:21:51,8.4054,48.4845,76.51,60,2,14.52
410,Barentu,ER,2023-04-04 21:21:51,15.1139,37.5928,78.91,20,57,5.19
411,Richards Bay,ZA,2023-04-04 21:21:51,-28.783,32.0377,66.27,84,18,7.14
412,Maxixe,MZ,2023-04-04 21:21:51,-23.8597,35.3472,71.29,93,39,6.44
413,Koslan,RU,2023-04-04 21:21:52,63.4564,48.8989,32.31,99,100,1.34
414,Mount Isa,AU,2023-04-04 21:21:52,-20.7333,139.5,55.17,71,59,0.0
415,Batemans Bay,AU,2023-04-04 21:21:52,-35.7167,150.1833,61.11,88,31,3.6
416,Qui Nhon,VN,2023-04-04 21:21:52,13.7667,109.2333,76.26,88,30,4.47
417,Codajas,BR,2023-04-04 21:21:52,-3.8367,-62.0569,78.12,94,91,2.42
418,Port Blair,IN,2023-04-04 21:21:53,11.6667,92.75,77.85,78,9,6.31
419,Saraland,US,2023-04-04 21:20:16,30.8207,-88.0706,82.56,77,48,12.97
420,Opuwo,NA,2023-04-04 21:21:53,-18.0607,13.84,72.0,53,33,1.72
421,Lubao,PH,2023-04-04 21:21:54,14.9167,120.55,78.51,82,50,2.17
422,Saint-Francois,FR,2023-04-04 21:21:54,46.4154,3.9054,38.64,60,0,4.61
423,Nemuro,JP,2023-04-04 21:21:54,43.3236,145.575,39.25,78,35,2.66
424,Yakeshi,CN,2023-04-04 21:21:54,49.2833,120.7333,24.78,42,0,9.17
425,Gat,IL,2023-04-04 21:18:00,31.61,34.7642,65.8,84,1,5.26
426,Bima,ID,2023-04-04 21:21:55,-8.4667,118.7167,74.77,95,98,3.0
427,Kampar,MY,2023-04-04 21:21:55,4.3,101.15,78.94,96,94,2.93
428,Geraldton,AU,2023-04-04 21:21:55,-28.7667,114.6,55.81,82,0,3.44
429,Bergama,TR,2023-04-04 21:21:56,39.1207,27.1805,50.81,95,13,3.74
430,Shahrud,IR,2023-04-04 21:21:56,36.4182,54.9763,45.97,56,0,3.38
431,Tacoronte,ES,2023-04-04 21:21:56,28.4769,-16.4102,59.16,84,75,29.93
432,Milkovo,RU,2023-04-04 21:21:56,54.7167,158.6167,27.12,87,100,2.33
433,Dauriya,RU,2023-04-04 21:21:57,49.9333,116.8667,23.34,73,14,7.14
434,Udachnyy,RU,2023-04-04 21:19:10,66.4167,112.4,-27.4,100,100,6.51
435,Vila Velha,BR,2023-04-04 21:19:15,-20.3297,-40.2925,76.95,82,0,8.05
436,Mumbwa,ZM,2023-04-04 21:21:57,-14.9783,27.0619,67.95,76,91,4.14
437,Sagua De Tanamo,CU,2023-04-04 21:21:58,20.5819,-75.2414,86.81,43,0,12.62
438,Tiznit,MA,2023-04-04 21:21:58,29.5833,-9.5,51.85,78,82,17.6
439,Teruel,ES,2023-04-04 21:21:58,40.6667,-0.6667,35.98,46,0,4.47
440,Warrington,GB,2023-04-04 21:21:58,53.3925,-2.5802,50.72,63,0,4.61
441,Cacoal,BR,2023-04-04 21:19:32,-11.4386,-61.4472,77.29,94,95,5.79
442,Fare,PF,2023-04-04 21:21:59,-16.7,-151.0167,81.95,73,39,6.8
443,Khandyga,RU,2023-04-04 21:21:59,62.6667,135.6,12.31,97,100,4.12
444,Shangrao,CN,2023-04-04 21:18:55,28.4532,117.9686,63.07,98,100,3.27
445,Gaoyou,CN,2023-04-04 21:22:00,32.7858,119.4278,47.26,89,100,18.97
446,Bara,NG,2023-04-04 21:22:01,10.3744,10.7288,84.58,10,100,1.92
447,Verkhnyaya Inta,RU,2023-04-04 21:19:07,65.9811,60.3094,23.52,91,99,8.72
448,Eregli,TR,2023-04-04 21:22:01,37.5133,34.0467,53.85,27,11,15.79
449,Hay River,CA,2023-04-04 21:22:01,60.8156,-115.7999,21.16,63,20,12.66
450,Saldanha,ZA,2023-04-04 21:17:48,-33.0117,17.9442,59.05,87,0,13.38
451,Mountain Home,US,2023-04-04 21:17:12,43.133,-115.6912,44.08,44,40,28.77
452,Henties Bay,NA,2023-04-04 21:22:02,-22.116,14.2845,65.39,73,87,4.47
453,Tall Kayf,TR,2023-04-04 21:22:02,37.0833,41.0667,58.53,57,80,9.26
454,Shubarshi,KZ,2023-04-04 21:22:03,48.5872,57.1869,48.49,55,44,7.0
455,Anchorage,US,2023-04-04 21:19:29,61.2181,-149.9003,39.27,64,100,4.61
456,Puerto Leguizamo,CO,2023-04-04 21:22:03,-0.1934,-74.7819,84.96,66,100,0.43
457,Karpogory,RU,2023-04-04 21:22:04,64.0019,44.4451,29.39,97,100,5.53
458,Shar,KZ,2023-04-04 21:22:04,49.5886,81.0453,32.76,61,6,2.62
459,Souillac,MU,2023-04-04 21:22:04,-20.5167,57.5167,75.58,88,40,1.14
460,Churapcha,RU,2023-04-04 21:22:04,62.0025,132.4325,13.89,96,100,7.16
461,Caceres,ES,2023-04-04 21:22:05,39.522,-6.3748,52.77,39,0,4.9
462,Abnub,EG,2023-04-04 21:22:05,27.2696,31.1511,73.62,19,1,12.15
463,Balsas,BR,2023-04-04 21:22:05,-7.5325,-46.0356,77.81,80,56,2.62
464,Ostrovnoy,RU,2023-04-04 21:22:05,68.0531,39.5131,33.06,85,94,16.24
465,Hundorp,NO,2023-04-04 21:22:06,61.5552,9.9407,26.4,98,37,1.41
466,Tatawin,TN,2023-04-04 21:22:06,32.9297,10.4518,57.78,48,0,5.95
467,Novoagansk,RU,2023-04-04 21:22:06,61.9449,76.6625,10.35,93,93,6.71
468,Kapit,MY,2023-04-04 21:22:06,2.0167,112.9333,72.55,97,100,1.07
469,Victor Harbor,AU,2023-04-04 21:22:06,-35.5667,138.6167,61.68,53,6,7.16
470,Snezhnogorsk,RU,2023-04-04 21:22:07,69.1933,33.2531,35.38,92,72,15.64
471,Huilong,CN,2023-04-04 21:22:07,31.8111,121.655,56.93,92,100,13.98
472,Leshukonskoye,RU,2023-04-04 21:22:07,64.8989,45.7622,27.57,93,100,4.7
473,Rayon,MX,2023-04-04 21:22:07,19.1444,-99.5836,78.67,17,67,10.76
474,Rio Grande,BR,2023-04-04 21:20:55,-32.035,-52.0986,73.51,74,86,11.36
475,Sur,OM,2023-04-04 21:22:08,22.5667,59.5289,75.24,63,1,5.12
476,Gonaives,HT,2023-04-04 21:22:08,19.45,-72.6833,85.68,53,8,5.88
477,Staraya Poltavka,RU,2023-04-04 21:22:08,50.4772,46.4814,53.92,63,17,5.26
478,Lillooet,CA,2023-04-04 21:21:21,50.6856,-121.942,45.88,53,84,1.95
479,Zhuhai,CN,2023-04-04 21:22:08,22.2769,113.5678,76.78,94,40,13.8
480,Eyl,SO,2023-04-04 21:22:08,7.9803,49.8164,80.6,66,4,12.57
481,Haukipudas,FI,2023-04-04 21:22:09,65.1765,25.3523,15.04,99,35,2.55
482,Talaya,RU,2023-04-04 21:22:09,61.3833,152.75,5.58,89,100,3.98
483,Oistins,BB,2023-04-04 21:21:09,13.0667,-59.5333,82.49,61,20,20.71
484,Nakhon Phanom,TH,2023-04-04 21:22:09,17.3333,104.4167,80.22,45,96,1.25
485,Beloha,MG,2023-04-04 21:22:09,-25.1667,45.05,75.06,84,74,4.97
486,Phaltan,IN,2023-04-04 21:22:10,17.9833,74.4333,78.26,53,25,5.99
487,Sakakah,SA,2023-04-04 21:22:10,29.9697,40.2064,71.17,18,1,14.2
488,Macapa,BR,2023-04-04 21:22:10,0.0389,-51.0664,82.38,78,40,10.36
489,Eldorado,BR,2023-04-04 21:22:10,-23.7869,-54.2836,77.29,76,39,3.02
490,Akdagmadeni,TR,2023-04-04 21:22:10,39.6603,35.8836,52.77,48,57,23.4
491,Amapa,BR,2023-04-04 21:22:11,1.0,-52.0,75.02,98,49,3.69
492,Aars,DK,2023-04-04 21:22:11,56.804,9.5144,35.78,85,7,6.22
493,Ati,TD,2023-04-04 21:22:11,13.2154,18.3353,88.63,12,100,9.66
494,Taoudenni,ML,2023-04-04 21:21:09,22.6783,-3.9836,86.41,6,0,10.11
495,Kenora,CA,2023-04-04 21:22:11,49.8167,-94.4337,23.97,42,100,16.11
496,Villefranche-De-Rouergue,FR,2023-04-04 21:22:12,44.3333,2.0,45.37,66,1,2.3
497,Concepcion Del Uruguay,AR,2023-04-04 21:22:12,-32.4825,-58.2372,75.97,64,100,1.99
498,Dukat,RU,2023-04-04 21:22:12,62.55,155.55,-4.7,99,100,7.05
499,Avera,US,2023-04-04 21:22:12,33.194,-82.5271,80.11,54,49,4.81
500,Ankazoabo,MG,2023-04-04 21:22:13,-22.2833,44.5167,70.21,89,0,5.48
501,Ocean City,US,2023-04-04 21:22:13,39.2776,-74.5746,66.38,82,76,5.99
502,Terrace,CA,2023-04-04 21:22:13,54.5163,-128.6035,46.31,45,75,4.61
503,Misratah,LY,2023-04-04 21:22:13,32.3754,15.0925,61.07,60,0,6.49
504,Kaarina,FI,2023-04-04 21:22:14,60.4072,22.369,30.29,53,0,4.61
505,Imbituba,BR,2023-04-04 21:22:14,-28.24,-48.6703,73.06,80,61,8.34
506,Peace River,CA,2023-04-04 21:22:15,56.2501,-117.286,37.71,55,75,8.05
507,Kiama,AU,2023-04-04 21:22:15,-34.6833,150.8667,68.0,90,6,9.19
508,Katra,IN,2023-04-04 21:22:15,32.9833,74.95,54.9,60,0,8.68
509,Yumen,CN,2023-04-04 21:22:15,40.2833,97.2,25.65,73,96,31.76
510,Stornoway,GB,2023-04-04 21:22:15,58.2093,-6.3865,47.93,93,75,24.16
511,Barrhead,GB,2023-04-04 21:22:15,55.7992,-4.3929,49.64,84,75,12.66
512,Bukama,CD,2023-04-04 21:22:16,-9.2,25.85,69.71,96,99,1.77
513,Broken Hill,AU,2023-04-04 21:19:39,-31.95,141.4333,61.12,35,3,7.9
514,Carrickfergus,GB,2023-04-04 21:22:16,54.7158,-5.8058,49.96,86,40,9.22
515,Zyryanka,RU,2023-04-04 21:22:16,65.75,150.85,1.99,89,99,4.7
516,Bizhbulyak,RU,2023-04-04 21:22:16,53.6967,54.2642,44.13,84,100,3.71
517,Ituporanga,BR,2023-04-04 21:22:16,-27.4144,-49.6025,73.76,70,48,4.32
518,Makat,KZ,2023-04-04 21:22:17,47.6469,53.3463,59.86,30,100,4.99
519,Constitucion,CL,2023-04-04 21:22:17,-35.3333,-72.4167,64.24,52,6,9.37
520,Payo,ID,2023-04-04 21:22:17,-3.7508,103.6372,71.4,98,100,1.39
521,Mehamn,NO,2023-04-04 21:22:17,71.0357,27.8492,31.95,80,75,12.66
522,Tazovskiy,RU,2023-04-04 21:22:17,67.4667,78.7,15.26,77,100,19.8
523,Portsoy,GB,2023-04-04 21:22:18,57.6814,-2.6896,48.15,70,100,14.0
524,Shaoguan,CN,2023-04-04 21:22:18,24.8,113.5833,69.53,98,100,0.6
525,Bilma,NE,2023-04-04 21:22:18,18.6853,12.9164,79.66,9,69,5.86
526,Sale,MA,2023-04-04 21:22:18,34.0389,-6.8166,59.76,94,75,4.61
527,Havelock,US,2023-04-04 21:22:19,34.8791,-76.9013,77.99,77,39,5.99
528,Wanxian,CN,2023-04-04 21:22:19,30.8039,108.3897,57.04,90,66,6.49
529,Cap-Aux-Meules,CA,2023-04-04 21:22:19,47.3821,-61.8597,37.45,65,75,10.36
530,Sinnamary,GF,2023-04-04 21:22:19,5.3833,-52.95,79.23,76,80,10.45
531,Takhtamygda,RU,2023-04-04 21:22:20,54.1,123.5667,3.2,99,90,1.79
532,Gillette,US,2023-04-04 21:18:19,44.2911,-105.5022,24.12,88,100,25.32
533,Nador,MA,2023-04-04 21:22:20,35.174,-2.9287,62.85,67,0,6.91
534,Xuddur,SO,2023-04-04 21:22:20,4.1213,43.8894,79.38,67,86,13.4
535,Moroni,KM,2023-04-04 21:22:20,-11.7022,43.2551,79.66,82,100,2.13
536,Mankono,CI,2023-04-04 21:22:20,8.0586,-6.1897,82.65,51,7,5.26
537,Guajara,BR,2023-04-04 21:22:21,-2.9667,-57.6667,83.68,72,54,1.68
538,Mogadishu,SO,2023-04-04 21:22:21,2.0371,45.3438,82.4,77,92,14.23
539,Muroto,JP,2023-04-04 21:22:21,33.2833,134.15,62.4,62,100,10.71
540,Dongsheng,CN,2023-04-04 21:22:21,39.8161,109.9776,33.55,98,100,6.53
541,Rajanpur,PK,2023-04-04 21:22:21,29.1035,70.325,74.14,48,0,7.96
542,Romny,UA,2023-04-04 21:22:22,50.751,33.4747,45.27,87,100,7.99
543,Bayir,TR,2023-04-04 21:22:22,37.2687,28.2167,52.32,93,86,5.46
544,Pak Phanang,TH,2023-04-04 21:22:22,8.3511,100.202,78.91,81,96,4.56
545,Liverpool,GB,2023-04-04 21:22:22,53.4106,-2.9779,50.54,70,0,4.61
546,Cracow,US,2023-04-04 21:22:23,43.7424,-82.8199,41.0,87,100,12.66
547,Jyvaskyla,FI,2023-04-04 21:22:23,62.2415,25.7209,20.35,83,0,2.3
548,Itaquyry,PY,2023-04-04 21:22:23,-24.9333,-55.2167,75.51,80,97,2.24
549,Aksarka,RU,2023-04-04 21:22:24,66.5606,67.7975,15.28,92,91,14.74
550,Barda,AZ,2023-04-04 21:22:24,40.3744,47.1267,53.11,73,95,7.78
551,Lima,PE,2023-04-04 21:20:26,-12.0432,-77.0282,80.85,65,0,11.5
552,Sampit,ID,2023-04-04 21:22:24,-2.5333,112.95,73.02,98,99,0.56
553,Dornstadt,DE,2023-04-04 21:22:24,48.467,9.9443,33.03,86,70,1.01
554,Zaraza,VE,2023-04-04 21:22:25,9.3503,-65.3245,89.62,40,54,15.05
555,Sabang,ID,2023-04-04 21:22:25,5.8933,95.3214,81.68,66,5,6.31
556,Marathon,US,2023-04-04 21:22:25,44.9,-89.7668,35.35,89,100,20.71
557,Plouzane,FR,2023-04-04 21:22:25,48.3833,-4.6167,41.32,87,0,4.61
558,Sistranda,NO,2023-04-04 21:22:26,63.7256,8.834,39.16,87,18,6.85
559,Quatre Cocos,MU,2023-04-04 21:22:26,-20.2078,57.7625,75.31,80,91,2.84
560,Bilibino,RU,2023-04-04 21:22:26,68.0546,166.4372,-7.49,82,18,3.15
561,Riva,US,2023-04-04 21:22:26,38.9521,-76.578,85.15,62,7,8.99
562,Yatou,CN,2023-04-04 21:22:26,37.15,122.3833,49.66,98,100,10.4
563,Ilave,PE,2023-04-04 21:22:27,-16.0833,-69.6667,50.38,68,98,7.07
564,Bourail,NC,2023-04-04 21:22:27,-21.5667,165.4833,79.2,81,96,5.01
565,Blagoyevo,RU,2023-04-04 21:22:27,63.3667,47.9167,31.12,99,100,1.95
566,Red Bluff,US,2023-04-04 21:21:39,40.1785,-122.2358,58.86,24,0,11.5
567,Kalmunai,LK,2023-04-04 21:22:28,7.4167,81.8167,78.15,80,25,2.71
568,Togur,RU,2023-04-04 21:22:28,58.3631,82.8265,17.06,93,5,3.36
569,Huayang,CN,2023-04-04 21:22:28,34.4155,109.9939,36.0,88,100,3.44
570,Pasir Gudang,MY,2023-04-04 21:22:28,1.4584,103.8805,80.71,90,75,4.61
571,Neepawa,CA,2023-04-04 21:22:28,50.2289,-99.4664,21.6,86,100,14.76
572,Qaqortoq,GL,2023-04-04 21:22:29,60.7167,-46.0333,31.51,91,98,2.26
573,Camacha,PT,2023-04-04 21:19:25,33.0833,-16.3333,60.22,72,40,21.85
574,Xichang,CN,2023-04-04 21:22:29,27.8964,102.2634,53.13,66,6,1.97
575,Darovskoy,RU,2023-04-04 21:22:29,58.77,47.9564,41.61,95,100,3.06
